"titulo","autor","precio","enlace","editorial","encuadernacion","paginas","publicacion","precio_pag","anio"
"EL HOMBRE MAS RICO DE BABILONIA","Clason George",19500,"https://www.yenny-elateneo.com/productos/el-hombre-mas-rico-de-babilonia/","Del Fondo Editorial","Tapa Blanda",172,"04/2022",113.372093023256,2022
"32 HISTORIAS QUE TODO LIDER DEBERIA LEER","Claudio Zuchovicki / Jonatan Marcos Loidi",32900,"https://www.yenny-elateneo.com/productos/32-historias-que-todo-lider-deberia-leer/","Paidos","Tapa Blanda",208,"04/2025",158.173076923077,2025
"LAS 48 LEYES DEL PODER","Robert Greene",42700,"https://www.yenny-elateneo.com/productos/las-48-leyes-del-poder/","Oceano","Tapa Blanda",632,"05/2019",67.5632911392405,2019
"TECNOFEUDALISMO","Yanis Varoufakis",33900,"https://www.yenny-elateneo.com/productos/tecnofeudalismo1/","Ariel","Tapa Blanda",264,"06/2024",128.409090909091,2024
"LOS SECRETOS DE LA MENTE MILLONARIA","T. Harv Eker",34200,"https://www.yenny-elateneo.com/productos/los-secretos-de-la-mente-millonaria/","Sirio","Tapa Blanda",256,"05/2017",133.59375,2017
"HABLEMOS DE DINERO","Sabrina Castelli",37799,"https://www.yenny-elateneo.com/productos/hablemos-de-dinero/","Vergara","Tapa Blanda",304,"10/2024",124.338815789474,2024
"ROMPE LA BARRERA DEL NO","Chris Voss",26799,"https://www.yenny-elateneo.com/productos/rompe-la-barrera-del-no1/","Debols!llo","Tapa Blanda",352,"11/2023",76.1335227272727,2023
"DE LA INCERTIDUMBRE A LA ABUNDANCIA","Gabriela Totaro",24500,"https://www.yenny-elateneo.com/productos/de-la-incertidumbre-a-la-abundancia/","Errepar","Tapa Blanda",296,"01/2025",82.7702702702703,2025
"PENSAR RAPIDO PENSAR DESPACIO","Daniel Kahneman",52399,"https://www.yenny-elateneo.com/productos/pensar-rapido-pensar-despacio/","Debate","Tapa Blanda",672,"06/2012",77.9747023809524,2012
"ARGENTINA FEDERAL","Martin Redrado / Jose Urtubey",35699,"https://www.yenny-elateneo.com/productos/argentina-federal/","Sudamericana","Tapa Blanda",256,"04/2025",139.44921875,2025
"INQUEBRANTABLE","Tony J. Robbins",28900,"https://www.yenny-elateneo.com/productos/inquebrantable/","Booket","Tapa Blanda",272,"01/2023",106.25,2023
"EMPRENDE TU PROPIO NEGOCIO","Brian Tracy",24699,"https://www.yenny-elateneo.com/productos/emprende-tu-propio-negocio/","Debols!llo","Tapa Blanda",224,"01/2025",110.263392857143,2025
"PENSAR RAPIDO PENSAR DESPACIO","Daniel Kahneman",36299,"https://www.yenny-elateneo.com/productos/pensar-rapido-pensar-despacio1/","Debols!llo","Tapa Blanda",672,"01/2025",54.0163690476191,2025
"MBA - GUIA VISUAL","Jason Barron",29300,"https://www.yenny-elateneo.com/productos/mba-guia-visual/","Oceano","Tapa Blanda",208,"03/2021",140.865384615385,2021
"QUIEN SE HA LLEVADO MI QUESO?","Spencer Johnson",30100,"https://www.yenny-elateneo.com/productos/quien-se-ha-llevado-mi-queso/","Empresa Activa","Tapa Blanda",NA,"11/2020",NA,2020
"COCINA DE LA POLITICA ECONOMICA ARGENTIN","Juan Carlos De Pablo / Ezequiel Burgo",38299,"https://www.yenny-elateneo.com/productos/cocina-de-la-politica-economica-argentin/","Sudamericana","Tapa Blanda",320,"05/2024",119.684375,2024
"EL METODO SCALPER","Lady Market",45000,"https://www.yenny-elateneo.com/productos/el-metodo-scalper/","Capital Ediciones","Tapa Blanda",262,"01/2025",171.75572519084,2025
"DIARIO DE UN CEO","Steven Berlett",33600,"https://www.yenny-elateneo.com/productos/diario-de-un-ceo/","Empresa Activa","Tapa Blanda",386,"05/2024",87.0466321243523,2024
"INMUEBLES Y FAMILIA","Santiago Mantilla / Pedro Vazquez",51700,"https://www.yenny-elateneo.com/productos/inmuebles-y-familia/","Lid","Tapa Blanda",176,"11/2024",293.75,2024
"LAS CINCO DISFUNCIONES DE UN EQUIPO","Patrick Lencioni",33800,"https://www.yenny-elateneo.com/productos/las-cinco-disfunciones-de-un-equipo/","Empresa Activa","Tapa Blanda",224,"04/2023",150.892857142857,2023
"HERRAMIENTAS PARA LIDERES DEL SIGLO XXI","Paula Molinari",31990,"https://www.yenny-elateneo.com/productos/herramientas-para-lideres-del-siglo-xxi/","Temas Grupo Editorial Srl","Tapa Blanda",224,"03/2025",142.8125,2025
"GUIA ARGENTINA DE FRANQUICIAS 2025","Roberto Russo",40000,"https://www.yenny-elateneo.com/productos/guia-argentina-de-franquicias-2025/","Best De Argentina","Tapa Blanda",362,"01/2025",110.497237569061,2025
"DIRIGIR CON INTELIGENCIA EMOCIONAL","Albert Alegre Rosello",27740.76,"https://www.yenny-elateneo.com/productos/dirigir-con-inteligencia-emocional/","Piramide","Tapa Blanda",168,"05/2021",165.123571428571,2021
"SENTIDO DE LIDER","Alberto Sanjurjo",26000,"https://www.yenny-elateneo.com/productos/sentido-de-lider1/","Autores Editores","Tapa Blanda",264,"03/2024",98.4848484848485,2024
"PIENSE Y HAGASE RICO. EL LEGADO","Napoleon Hill",29900,"https://www.yenny-elateneo.com/productos/piense-y-hagase-rico-el-legado/","Del Fondo Editorial","Tapa Blanda",350,"08/2022",85.4285714285714,2022
"VENDELE A LA MENTE NO A LA GENTE","Jurgen Klaric",27900,"https://www.yenny-elateneo.com/productos/vendele-a-la-mente-no-a-la-gente/","Booket","Tapa Blanda",240,"08/2023",116.25,2023
"ARTE DE LA SEDUCCION EL - N.E","Robert Greene",42700,"https://www.yenny-elateneo.com/productos/arte-de-la-seduccion-el-n-e/","Oceano","Tapa Blanda",588,"07/2023",72.6190476190476,2023
"STEVE JOBS. LECCIONES DE LIDERAZGO","Walter Isaacson",28999,"https://www.yenny-elateneo.com/productos/steve-jobs-lecciones-de-liderazgo/","Debate","Tapa Blanda",112,"05/2014",258.919642857143,2014
"MALA LECHE","Soledad Barruti",29900,"https://www.yenny-elateneo.com/productos/mala-leche1/","Siglo Xxi Editores Argentina","Tapa Blanda",432,"11/2024",69.212962962963,2024
"100 SECRETOS DE INNOVACION","Martina Rua",35699,"https://www.yenny-elateneo.com/productos/100-secretos-de-innovacion/","Conecta","Tapa Blanda",224,"04/2025",159.370535714286,2025
"COMO DAR UN FEEDBACK EFECTIVO","Harvard Business Review",10662.8,"https://www.yenny-elateneo.com/productos/como-dar-un-feedback-efectivo/","Reverte","Tapa Blanda",NA,"01/2025",NA,2025
"COMO GESTIONAR LA RELACIÓN CON TU SUPERIOR","Harvard Business Review",10662.8,"https://www.yenny-elateneo.com/productos/como-gestionar-la-relacion-con-tu-superior/","Reverte","Tapa Blanda",NA,"01/2025",NA,2025
"LA ACTITUD MENTAL POSITIVA","Napoleon Hill / W. Clement Stone",28599,"https://www.yenny-elateneo.com/productos/la-actitud-mental-positiva/","Debols!llo","Tapa Blanda",416,"01/2024",68.7475961538462,2024
"MENTE MILLONARIA","Gerardo Garcia Manjarrez",20500,"https://www.yenny-elateneo.com/productos/mente-millonaria/","V & R Editoras","Tapa Blanda",NA,"03/2019",NA,2019
"LOS SECRETOS DE LA MENTE MILLONARIA ED 20 ANIVERSARIO","T. Harv Eker",40500,"https://www.yenny-elateneo.com/productos/los-secretos-de-la-mente-millonaria-ed-20-aniversario/","Editorial Sirio","Tapa Blanda",280,"04/2025",144.642857142857,2025
"DIRIGIR Y MOTIVAR EQUIPOS","Miguel Angel Aguirre Sanchez",28492.4,"https://www.yenny-elateneo.com/productos/dirigir-y-motivar-equipos/","Piramide","Tapa Blanda",210,"01/2018",135.678095238095,2018
"EL METODO SMART BREVITY","Jim Vandehei / Mike Allen / Roy Schwartz",24500,"https://www.yenny-elateneo.com/productos/el-metodo-smart-brevity/","Koan","Tapa Blanda",224,"09/2024",109.375,2024
"RETIRATE JOVEN Y RICO","Robert T. Kiyosaki",30899,"https://www.yenny-elateneo.com/productos/retirate-joven-y-rico/","Debols!llo","Tapa Blanda",576,"06/2024",53.6440972222222,2024
"LIBRO NEGRO DEL EMPRENDEDOR EL (NE)","Fernando Trias De Bes",22300,"https://www.yenny-elateneo.com/productos/libro-negro-del-emprendedor-el-ne/","Empresa Activa","Tapa Blanda",192,"05/2024",116.145833333333,2024
"SIGUEME. EL PODER DE UN VERDADERO LIDER","John C. Maxwell",20000,"https://www.yenny-elateneo.com/productos/sigueme-el-poder-de-un-verdadero-lider/","V & R Editoras","Tapa Blanda",160,"02/2024",125,2024
"POR QUE LOS RICOS SE VUELVEN MAS RICOS","Robert T. Kiyosaki",26999,"https://www.yenny-elateneo.com/productos/por-que-los-ricos-se-vuelven-mas-ricos/","Debols!llo","Tapa Blanda",384,"08/2022",70.3098958333333,2022
"ACTITUD MENTAL POSITIVA","Napoleon Hill / W. Clement Stone",30900,"https://www.yenny-elateneo.com/productos/actitud-mental-positiva/","Del Fondo Editorial","Tapa Blanda",366,"04/2022",84.4262295081967,2022
"ENTENDER PARA GANAR","Sofia Stamateas",24500,"https://www.yenny-elateneo.com/productos/entender-para-ganar/","Galerna","Tapa Blanda",192,"04/2025",127.604166666667,2025
"EMPRENDER","Dan Kieran",20500,"https://www.yenny-elateneo.com/productos/emprender/","Koan","Tapa Blanda",128,"03/2025",160.15625,2025
"VOLVER A KEYNES","Axel Kicillof",31990,"https://www.yenny-elateneo.com/productos/volver-a-keynes/","Siglo Xxi Editores Argentina","Tapa Blanda",496,"03/2025",64.4959677419355,2025
"PRODUCTIVIDAD FEEL GOOD","Ali Abdaal",30900,"https://www.yenny-elateneo.com/productos/productividad-feel-good/","Planeta","Tapa Blanda",288,"01/2025",107.291666666667,2025
"GIRANDO LA RUEDA","Jim Collins",15732,"https://www.yenny-elateneo.com/productos/girando-la-rueda/","Reverte","Tapa Blanda",50,"07/2022",314.64,2022
"LIDERANDO EQUIPOS","Harvard Business Review",27968,"https://www.yenny-elateneo.com/productos/liderando-equipos/","Reverte","Tapa Blanda",181,"07/2022",154.519337016575,2022
"FELICIDAD","Harvard Business Review",10837.6,"https://www.yenny-elateneo.com/productos/felicidad1/","Reverte","Tapa Blanda",192,"05/2018",56.4458333333333,2018
"LIDERES EXTRAORDINARIOS QUE CAMBIARON EL MUNDO","Tomas Perez Herrera",42500,"https://www.yenny-elateneo.com/productos/lideres-extraordinarios-que-cambiaron-el-mundo/","Profit","Tapa Blanda",202,"11/2024",210.39603960396,2024
"LA RIQUEZA DE LAS NACIONES","Adam Smith",30170.48,"https://www.yenny-elateneo.com/productos/la-riqueza-de-las-naciones1/","Alianza","Tapa Blanda",814,"08/2011",37.0644717444717,2011
"EL SANTO GRIAL DE LA INVERSION","Christopher Zook / Tony J. Robbins",39900,"https://www.yenny-elateneo.com/productos/el-santo-grial-de-la-inversion/","Paidos","Tapa Blanda",368,"11/2024",108.423913043478,2024
"EL LOBO DE LAS INVERSIONES","Jordan Belfort",34100,"https://www.yenny-elateneo.com/productos/el-lobo-de-las-inversiones/","Oceano","Tapa Blanda",312,"11/2024",109.294871794872,2024
"¿JUGAMOS?","Claudio Guz",34990,"https://www.yenny-elateneo.com/productos/jugamos2/","Temas Grupo Editorial Srl","Tapa Blanda",228,"10/2024",153.464912280702,2024
"QUIEN SE HA LLEVADO MI QUESO (NE)","Spencer Johnson",30100,"https://www.yenny-elateneo.com/productos/quien-se-ha-llevado-mi-queso-ne/","Empresa Activa","Tapa Blanda",112,"05/2024",268.75,2024
"LIDERA CON GRATITUD","Adrian Gostick / Chester Elton",23000,"https://www.yenny-elateneo.com/productos/lidera-con-gratitud/","V & R Editoras","Tapa Blanda",304,"04/2024",75.6578947368421,2024
"MARKETING EMPRESARIAL","Phillip Kotler",47900,"https://www.yenny-elateneo.com/productos/marketing-empresarial/","Granica","Tapa Blanda",390,"04/2024",122.820512820513,2024
"INCREMENTA TU IQ FINANCIERO","Robert T. Kiyosaki",26999,"https://www.yenny-elateneo.com/productos/incrementa-tu-iq-financiero/","Debols!llo","Tapa Blanda",280,"05/2022",96.425,2022
"ADN DE EMPRENDEDORA","Sheila Saad",24500,"https://www.yenny-elateneo.com/productos/adn-de-emprendedora/","El Ateneo","Tapa Blanda",256,"10/2023",95.703125,2023
"LAS CLAVES DE LA ESTRATEGIA DEL OCEANO AZUL","W. Chan Kim W. Chan Kim / Renne Mauborgne Renne Mauborgn",46200,"https://www.yenny-elateneo.com/productos/las-claves-de-la-estrategia-del-oceano-azul/","Profit","Tapa Blanda",224,"12/2017",206.25,2017
"EMPRESAS CENTRADAS EN LAS PERSONAS","Alejandro Carrera / Hernan Fitte",34600,"https://www.yenny-elateneo.com/productos/empresas-centradas-en-las-personas/","Granica","Tapa Blanda",352,"04/2025",98.2954545454545,2025
"LA NUEVA ERA DE LAS MARCAS","Marcelo Romeo",23900,"https://www.yenny-elateneo.com/productos/la-nueva-era-de-las-marcas/","Granica","Tapa Blanda",180,"04/2025",132.777777777778,2025
"COACHING DE PERSONAS NO DE PROBLEMAS","Marcia Reynolds",29800,"https://www.yenny-elateneo.com/productos/coaching-de-personas-no-de-problemas/","Granica","Tapa Blanda",240,"02/2025",124.166666666667,2025
"MALCOMIDOS","Soledad Barruti",29000,"https://www.yenny-elateneo.com/productos/malcomidos/","Siglo Xxi Editores Argentina","Tapa Blanda",464,"01/2025",62.5,2025
"ENCUENTRA TU PORQUE","Peter Docker / Simon Sinek / David Mead",31500,"https://www.yenny-elateneo.com/productos/encuentra-tu-porque/","Empresa Activa","Tapa Blanda",256,"01/2025",123.046875,2025
"COMO EVALUAR RESULTADOS","Harvard Business Review",10662.8,"https://www.yenny-elateneo.com/productos/como-evaluar-resultados/","Reverte","Tapa Blanda",NA,"01/2025",NA,2025
"EL ARTE DE LA GUERRA SUN TZU","Michael Nylan",22724,"https://www.yenny-elateneo.com/productos/el-arte-de-la-guerra-sun-tzu/","Reverte","Tapa Blanda",175,"07/2022",129.851428571429,2022
"COMO SER MAS PRODUCTIVO","Harvard Business Review",15732,"https://www.yenny-elateneo.com/productos/como-ser-mas-productivo/","Reverte","Tapa Blanda",107,"07/2022",147.028037383178,2022
"EL CAPITAL VOL. 1","Karl Marx",24790,"https://www.yenny-elateneo.com/productos/el-capital-vol-1/","Siglo Xxi Editores Argentina","Tapa Blanda",424,"09/2002",58.4669811320755,2002
"NEGOCIOS DIGITALES","Daniel Palacios Marques",73870.48,"https://www.yenny-elateneo.com/productos/negocios-digitales/","Piramide","Tapa Blanda",372,"08/2022",198.576559139785,2022
"FUTURO DESCENTRALIZADO","Claudio Fiorillo",29200,"https://www.yenny-elateneo.com/productos/futuro-descentralizado/","Granica","Tapa Blanda",220,"11/2024",132.727272727273,2024
"MOTOSIERRA Y CONFUSION","Mercedes D'alessandro",37799,"https://www.yenny-elateneo.com/productos/motosierra-y-confusion/","Sudamericana","Tapa Blanda",256,"10/2024",147.65234375,2024
"GUITA CON HISTORIA","Mariano Ezequiel Otalora",26999,"https://www.yenny-elateneo.com/productos/guita-con-historia/","Sudamericana","Tapa Blanda",144,"08/2024",187.493055555556,2024
"IMPROVISA","Robert Poynton",20500,"https://www.yenny-elateneo.com/productos/improvisa/","Koan","Tapa Blanda",160,"07/2024",128.125,2024
"EL EMPRENDEDOR","Arturo Elias Ayub",37799,"https://www.yenny-elateneo.com/productos/el-emprendedor/","Grijalbo","Tapa Blanda",200,"03/2024",188.995,2024
"COMO SUPERAR EL BURNOUT","Harvard Business Review",27968,"https://www.yenny-elateneo.com/productos/como-superar-el-burnout/","Reverte","Tapa Blanda",243,"07/2022",115.094650205761,2022
"HOME OFFICE (TRABAJO REMOTO)","Harvard Business Review",27968,"https://www.yenny-elateneo.com/productos/home-office-trabajo-remoto/","Reverte","Tapa Blanda",235,"07/2022",119.012765957447,2022
"COACHING PACK","Norma Perel / Laura Fierro Evans / Damian Goldvarg / Lidia Muradep",74900,"https://www.yenny-elateneo.com/productos/coaching-pack/","Granica","Tapa Blanda",664,"06/2022",112.801204819277,2022
"DOLARIZACION","Ocampo Emilio",42000,"https://www.yenny-elateneo.com/productos/dolarizacion/","Claridad","Tapa Blanda",448,"05/2022",93.75,2022
"PLANIFICACION PATRIMONIAL PARA CELEBRITIES","Martin A. Litwak",21099,"https://www.yenny-elateneo.com/productos/planificacion-patrimonial-para-celebrities/","Music Brokers Argentina","Tapa Blanda",268,"01/2022",78.7276119402985,2022
"UN INICIO EN LA AGILIDAD","Tomas Romero Borzi",6000,"https://www.yenny-elateneo.com/productos/un-inicio-en-la-agilidad/","Dunken","Tapa Blanda",NA,"08/2021",NA,2021
"EL PODER DE SER VALIOSOS","Arnold Schwarzenegger",24000,"https://www.yenny-elateneo.com/productos/el-poder-de-ser-valiosos/","Empresa Activa","Tapa Blanda",192,"11/2023",125,2023
"ERES UN EMPRENDEDOR INVISIBLE?","Valen Bailon",15990,"https://www.yenny-elateneo.com/productos/eres-un-emprendedor-invisible/","Emprenbooks","Tapa Blanda",NA,"09/2023",NA,2023
"EMPRENDE IMPORTANDO","Dany Caceres",20990,"https://www.yenny-elateneo.com/productos/emprende-importando/","Emprenbooks","Tapa Blanda",NA,"09/2023",NA,2023
"LIDERES DE HOY","Maria Gabriela Hoch",22900,"https://www.yenny-elateneo.com/productos/lideres-de-hoy/","El Ateneo","Tapa Blanda",256,"09/2023",89.453125,2023
"ACTITUD MILLONARIA","Gerardo Garcia Manjarrez",20500,"https://www.yenny-elateneo.com/productos/actitud-millonaria/","V & R Editoras","Tapa Blanda",224,"08/2023",91.5178571428571,2023
"LOS 6 TALENTOS LABORALES","Patrick Lencioni",24200,"https://www.yenny-elateneo.com/productos/los-6-talentos-laborales/","Ediciones Urano","Tapa Blanda",224,"08/2023",108.035714285714,2023
"SCRUM MANUAL DE CAMPO","J.j. Sutherland",27700,"https://www.yenny-elateneo.com/productos/scrum-manual-de-campo/","Oceano","Tapa Blanda",236,"02/2021",117.372881355932,2021
"ARGENTINA 2024-2027","Juan Carlos De Pablo",28999,"https://www.yenny-elateneo.com/productos/argentina-2024-2027/","Sudamericana","Tapa Blanda",224,"02/2023",129.459821428571,2023
"GUIA PARA INVERTIR","Robert T. Kiyosaki",35199,"https://www.yenny-elateneo.com/productos/guia-para-invertir/","Debols!llo","Tapa Blanda",672,"01/2023",52.3794642857143,2023
"EL CAMINO DEL LOBO","Jordan Belfort",29900,"https://www.yenny-elateneo.com/productos/el-camino-del-lobo/","Oceano","Tapa Blanda",216,"04/2019",138.425925925926,2019
"QUIERO VENDER","Daniel Colombo",20000,"https://www.yenny-elateneo.com/productos/quiero-vender/","Hojas Del Sur","Tapa Blanda",NA,"05/2017",NA,2017
"SELECCION POR COMPETENCIAS (NUEVA EDICION)","Martha Alles",55900,"https://www.yenny-elateneo.com/productos/seleccion-por-competencias-nueva-edicion/","Granica","Tapa Blanda",432,"12/2016",129.398148148148,2016
"CONSTRUYENDO TALENTO","Martha Alles",52300,"https://www.yenny-elateneo.com/productos/construyendo-talento/","Granica","Tapa Blanda",432,"09/2016",121.064814814815,2016
"DICCIONARIO DE COMPORTAMIENTOS. LA TRILOGIA. VOL 2","Martha Alles",41700,"https://www.yenny-elateneo.com/productos/diccionario-de-comportamientos-la-trilogia-vol-2/","Granica","Tapa Blanda",264,"12/2015",157.954545454545,2015
"MERCADO DE CAPITALES: MANUAL PARA NO ESPECIALISTAS","Monica Erpen",38990,"https://www.yenny-elateneo.com/productos/mercado-de-capitales-manual-para-no-especialistas/","Temas Grupo Editorial Srl","Tapa Dura",274,"08/2010",142.299270072993,2010
"DE GASTADORA A INVERSORA","Carolina Sur",20900,"https://www.yenny-elateneo.com/productos/de-gastadora-a-inversora/","Editorial El Ateneo","Tapa Blanda",160,"06/2025",130.625,2025
"ANEM. EL CAMINO DEL EMPRENDEDOR","Lean Benedetti",25000,"https://www.yenny-elateneo.com/productos/anem-el-camino-del-emprendedor/","Ediciones Andinas","Tapa Blanda",224,"06/2025",111.607142857143,2025
"MENTORES","Tim Ferris",48900,"https://www.yenny-elateneo.com/productos/mentores/","Paidos","Tapa Blanda",744,"01/2020",65.7258064516129,2020
"EL EGO ES EL ENEMIGO","Ryan Holiday",36900,"https://www.yenny-elateneo.com/productos/el-ego-es-el-enemigo/","Paidos","Tapa Blanda",256,"08/2017",144.140625,2017
"LA ORGANIZACION SIN MIEDO","Amy Edmondson",32300,"https://www.yenny-elateneo.com/productos/la-organizacion-sin-miedo/","Arpa","Tapa Blanda",288,"04/2025",112.152777777778,2025
"DIRIGIR CON EXITO SK","Morey Stettner",22200,"https://www.yenny-elateneo.com/productos/dirigir-con-exito-sk/","Profit","Tapa Blanda",128,"04/2025",173.4375,2025
"LIDERAZGCO 19-71","Ivan Armengod Martinez",48900,"https://www.yenny-elateneo.com/productos/liderazgco-19-71/","Profit","Tapa Blanda",192,"04/2025",254.6875,2025
"EL JUEGO INTERIOR DEL TENIS. EDICION 50 ANIVERSARIO","W. Timothy Gallwey",30400,"https://www.yenny-elateneo.com/productos/el-juego-interior-del-tenis-edicion-50-aniversario/","Editorial Sirio","Tapa Blanda",256,"04/2025",118.75,2025
"COMO APRENDER LA EXCELENCIA","Eric Potterat / Alan Eagle",26900,"https://www.yenny-elateneo.com/productos/como-aprender-la-excelencia/","Oceano","Tapa Blanda",304,"01/2025",88.4868421052632,2025
"MASTERY","Robert Greene",52440,"https://www.yenny-elateneo.com/productos/mastery/","Penguin Books","Tapa Blanda",NA,"01/2025",NA,2025
"CAMINO DE LIBERTAD","Joseph E. Stiglitz",38299,"https://www.yenny-elateneo.com/productos/camino-de-libertad/","Taurus","Tapa Blanda",408,"01/2025",93.8700980392157,2025
"METODO PARA","Tiago Forte",13040.08,"https://www.yenny-elateneo.com/productos/metodo-para/","Reverte","Tapa Blanda",NA,"01/2025",NA,2025
"COMO REALIZAR PRESENTACIONES","Harvard Business Review",10662.8,"https://www.yenny-elateneo.com/productos/como-realizar-presentaciones/","Reverte","Tapa Blanda",NA,"01/2025",NA,2025
"COMO COLABORAR VIRTUALMENTE","Harvard Business Review",10662.8,"https://www.yenny-elateneo.com/productos/como-colaborar-virtualmente/","Reverte","Tapa Blanda",NA,"01/2025",NA,2025
"HABLA CON SEGURIDAD. SERIE BUSINESS EXPERTS","Nick Gold",10662.8,"https://www.yenny-elateneo.com/productos/habla-con-seguridad-serie-business-experts/","Reverte","Tapa Blanda",NA,"01/2025",NA,2025
"FUNDADORES","Jimmy Soni",20346.72,"https://www.yenny-elateneo.com/productos/fundadores/","Reverte","Tapa Blanda",NA,"01/2025",NA,2025
"ORGANIZARSE EN EL TRABAJO. SOFT SKILLS","Kenneth Zeigler",21300,"https://www.yenny-elateneo.com/productos/organizarse-en-el-trabajo-soft-skills/","Profit","Tapa Blanda",128,"12/2024",166.40625,2024
"LIDERAZGO SIN LIMITES","Ronald Heifetz",30590,"https://www.yenny-elateneo.com/productos/liderazgo-sin-limites/","Reverte","Tapa Blanda",274,"07/2022",111.642335766423,2022
"RELACIONES DE PODER EN LA OFICINA","Karen Dillon",20976,"https://www.yenny-elateneo.com/productos/relaciones-de-poder-en-la-oficina/","Reverte","Tapa Blanda",188,"12/2018",111.574468085106,2018
"CENTRATE EN EL TRABAJO IMPORTANTE","Harvard Business Review",20976,"https://www.yenny-elateneo.com/productos/centrate-en-el-trabajo-importante/","Reverte","Tapa Blanda",201,"05/2017",104.358208955224,2017
"GESTION DE PROYECTOS","Harvard Business Review",20976,"https://www.yenny-elateneo.com/productos/gestion-de-proyectos/","Reverte","Tapa Blanda",190,"05/2017",110.4,2017
"AUTOCONCIENCIA","Harvard Business Review",10837.6,"https://www.yenny-elateneo.com/productos/autoconciencia/","Reverte","Tapa Blanda",170,"12/2019",63.7505882352941,2019
"CONTROLA EL ESTRES EN EL TRABAJO","Varios Autores Varios Autores / Harvard Business Review Harvard Business Revie",27968,"https://www.yenny-elateneo.com/productos/controla-el-estres-en-el-trabajo/","Reverte","Tapa Blanda",190,"05/2017",147.2,2017
"DIRECCION DE EMPRESAS","Ana Maria Castillo Clavero",75548.56,"https://www.yenny-elateneo.com/productos/direccion-de-empresas/","Piramide","Tapa Blanda",314,"12/2018",240.60050955414,2018
"MANUAL DE RELACIONES PUBLICAS E INSTITUCIONALES","Antonio E. Di Genova",44000,"https://www.yenny-elateneo.com/productos/manual-de-relaciones-publicas-e-institucionales1/","Ampersand","Tapa Blanda",302,"10/2024",145.695364238411,2024
"MARKETING 5.0","Hermawan Kartajaya / Iwan Setiawan / Phillip Kotler",34900,"https://www.yenny-elateneo.com/productos/marketing-5-0/","Lid","Tapa Blanda",216,"06/2022",161.574074074074,2022
"EL HILO DE ORO","Pablo Lamas",18000,"https://www.yenny-elateneo.com/productos/el-hilo-de-oro/","Dunken","Tapa Blanda",NA,"09/2024",NA,2024
"CREENCIAS ECONOMICAS","Ernesto Sandler",3000,"https://www.yenny-elateneo.com/productos/creencias-economicas/","Mucho Gusto","Tapa Blanda",248,"12/2022",12.0967741935484,2022
"HISTORIA DEL DINERO","Kwasi Kwarteng",27700,"https://www.yenny-elateneo.com/productos/historia-del-dinero1/","Turner","Tapa Dura",492,"06/2023",56.3008130081301,2023
"EL CAPITAL DE RIESGO","Sebastian Mallaby",33800,"https://www.yenny-elateneo.com/productos/el-capital-de-riesgo/","Empresa Activa","Tapa Blanda",312,"09/2024",108.333333333333,2024
"MENDIGOS DEL MUNDO","Diego Benenzon",31990,"https://www.yenny-elateneo.com/productos/mendigos-del-mundo/","Temas Grupo Editorial Srl","Tapa Blanda",136,"08/2024",235.220588235294,2024
"FILOSOFIA PARA DIRECTIVOS","Rais Buson",26500,"https://www.yenny-elateneo.com/productos/filosofia-para-directivos/","Lea","Tapa Blanda",192,"08/2024",138.020833333333,2024
"LA RIQUEZA DE LA DIVERSIDAD","Sally Helgesen",24600,"https://www.yenny-elateneo.com/productos/la-riqueza-de-la-diversidad/","Empresa Activa","Tapa Blanda",256,"08/2024",96.09375,2024
"MIRADAS SOBRE LA DESIGUALDAD","Branko; Munoz De Bustillo Llorente Fra Milanovic",38999,"https://www.yenny-elateneo.com/productos/miradas-sobre-la-desigualdad/","Taurus","Tapa Blanda",456,"05/2024",85.5241228070175,2024
"DESACTIVAR LA BOMBA","Andres Hatum",26999,"https://www.yenny-elateneo.com/productos/desactivar-la-bomba/","Vergara","Tapa Blanda",144,"05/2024",187.493055555556,2024
"PODER Y DINERO EN LA ERA DEL BITCOIN","Marco Mallamaci",42000,"https://www.yenny-elateneo.com/productos/poder-y-dinero-en-la-era-del-bitcoin/","Fondo De Cultura Economica","Tapa Blanda",472,"05/2024",88.9830508474576,2024
"UN BEST SELLER PARA TODA LA VIDA","Ryan Holiday",30900,"https://www.yenny-elateneo.com/productos/un-best-seller-para-toda-la-vida/","Oceano","Tapa Blanda",216,"04/2024",143.055555555556,2024
"LA ECONOMIA EXPLICADA PARA QUE AL FIN LA ENTIENDAS","Teiyan Pettinger",28500,"https://www.yenny-elateneo.com/productos/la-economia-explicada-para-que-al-fin-la-entiendas/","Ediciones Urano","Tapa Blanda",288,"04/2024",98.9583333333333,2024
"UNA HISTORIA DE COMO NOS ENDEUDAMOS","Ariel Wilkis",24190,"https://www.yenny-elateneo.com/productos/una-historia-de-como-nos-endeudamos/","Siglo Xxi Editores Argentina","Tapa Blanda",216,"04/2024",111.990740740741,2024
"ADMINISTRACION ESTRATEGICA EN TURISMO","Ugerman Editor",47300,"https://www.yenny-elateneo.com/productos/administracion-estrategica-en-turismo/","Ugerman Editor","Tapa Blanda",242,"03/2024",195.454545454545,2024
"LLEVATE BIEN CON TU BILLETERA","Tiffany Aliche",26500,"https://www.yenny-elateneo.com/productos/llevate-bien-con-tu-billetera/","V & R Editoras","Tapa Blanda",432,"03/2024",61.3425925925926,2024
"GUIA RAPIDA EL ARTE DE LA SEDUCCION - N.E.","Robert Greene",27700,"https://www.yenny-elateneo.com/productos/guia-rapida-el-arte-de-la-seduccion-n-e/","Oceano","Tapa Blanda",NA,"02/2024",NA,2024
"FIN DEL TRABAJO EL?","Luis Guastini",37799,"https://www.yenny-elateneo.com/productos/fin-del-trabajo-el/","Conecta","Tapa Blanda",240,"02/2024",157.495833333333,2024
"EMPRESA PUBLICA Y ESTADO EMPRESARIO EN LA ARGENTINA (1810-2020)","Marcelo Rougier",29300,"https://www.yenny-elateneo.com/productos/empresa-publica-y-estado-empresario-en-la-argentina-1810-2020/","Ciccus","Tapa Blanda",344,"01/2024",85.1744186046512,2024
"ENCIENDE LA LLAMA","Pablo Aragone",20000,"https://www.yenny-elateneo.com/productos/enciende-la-llama/","Hojas Del Sur","Tapa Blanda",160,"06/2022",125,2022
"TU FUTURO TRABAJO","Borja Castelar",19900,"https://www.yenny-elateneo.com/productos/tu-futuro-trabajo/","Galerna","Tapa Blanda",224,"04/2022",88.8392857142857,2022
"INFALIBLE. EL SISTEMA QUE NUNCA FALLA PARA ALCANZAR EL EXITO","Clement W. Stone",26900,"https://www.yenny-elateneo.com/productos/infalible-el-sistema-que-nunca-falla-para-alcanzar-el-exito/","Del Fondo Editorial","Tapa Blanda",300,"04/2022",89.6666666666667,2022
"EL FUTURO DEL COMERCIO QUE SE VIENE","Damian Di Pace",28300,"https://www.yenny-elateneo.com/productos/el-futuro-del-comercio-que-se-viene/","Empresa Activa","Tapa Blanda",304,"04/2022",93.0921052631579,2022
"¡LO QUIERO!","Luke Burgis",30300,"https://www.yenny-elateneo.com/productos/lo-quiero/","Tendencias","Tapa Blanda",384,"04/2022",78.90625,2022
"SU DERECHO A SER RICO","Napoleon Hill",26900,"https://www.yenny-elateneo.com/productos/su-derecho-a-ser-rico/","Del Fondo Editorial","Tapa Blanda",300,"03/2022",89.6666666666667,2022
"GRAN LIBRO DE LA VENTA TELEFONICA","Cesar Piqueras",54500,"https://www.yenny-elateneo.com/productos/gran-libro-de-la-venta-telefonica/","Profit","Tapa Blanda",192,"03/2022",283.854166666667,2022
"EMPRESAS DE FAMILIA. GUIA PRACTICA PARA TRANSFORMAR IDEAS EN RESULTADOS CONCRETOS Y DE EXITO","Hernan Medina",8000,"https://www.yenny-elateneo.com/productos/empresas-de-familia-guia-practica-para-transformar-ideas-en-resultados-concretos-y-de-exito/","Dunken","Tapa Blanda",NA,"01/2022",NA,2022
"SEMIOCAPITALISMO","Antonio Caro",32780,"https://www.yenny-elateneo.com/productos/semiocapitalismo/","Editorial Sb","Tapa Blanda",480,"09/2023",68.2916666666667,2023
"GPS EMPRENDEDOR","Joy Klinko / Luciana Goldstein",28000,"https://www.yenny-elateneo.com/productos/gps-emprendedor/","Az","Tapa Blanda",304,"08/2023",92.1052631578947,2023
"12 PASOS PARA DELEGAR EFECTIVAMENTE","Martha Alles",32600,"https://www.yenny-elateneo.com/productos/12-pasos-para-delegar-efectivamente/","Granica","Tapa Blanda",216,"07/2023",150.925925925926,2023
"Y POR QUE NOT","Daniel Fajardo",30900,"https://www.yenny-elateneo.com/productos/y-por-que-not/","Paidos","Tapa Blanda",232,"07/2023",133.189655172414,2023
"UN MUNDO SIN E-MAIL","Carl Newport",30590,"https://www.yenny-elateneo.com/productos/un-mundo-sin-e-mail/","Reverte","Tapa Blanda",NA,"05/2023",NA,2023
"DEL QUERER AL HACER","Jeremy Kraayenbrink",21100,"https://www.yenny-elateneo.com/productos/del-querer-al-hacer/","Un Mate","Tapa Blanda",250,"03/2021",84.4,2021
"MANIFIESTO CAPITALISTA","Robert T. Kiyosaki",43199,"https://www.yenny-elateneo.com/productos/manifiesto-capitalista/","Aguilar","Tapa Blanda",584,"05/2023",73.9708904109589,2023
"EL FIN DE LA INFLACION","Javier Milei",31900,"https://www.yenny-elateneo.com/productos/el-fin-de-la-inflacion/","Planeta","Tapa Blanda",184,"04/2023",173.369565217391,2023
"LIDERAR DESDE LO FEMENINO","Tatiana Camps",22000,"https://www.yenny-elateneo.com/productos/liderar-desde-lo-femenino/","Urano","Tapa Blanda",208,"04/2023",105.769230769231,2023
"CAPITALISMO CANIBAL","Nancy Fraser",28590,"https://www.yenny-elateneo.com/productos/capitalismo-canibal/","Siglo Xxi Editores Argentina","Tapa Blanda",240,"04/2023",119.125,2023
"DINAMITA MENTAL","Napoleon Hill",26500,"https://www.yenny-elateneo.com/productos/dinamita-mental/","Del Fondo - Citadel","Tapa Blanda",306,"04/2023",86.6013071895425,2023
"CRISIS ECONOMICAS ARGENTINAS . DE MITRE A MACRI","Julian Zicari",35990,"https://www.yenny-elateneo.com/productos/crisis-economicas-argentinas-de-mitre-a-macri/","Continente","Tapa Blanda",288,"08/2020",124.965277777778,2020
"TOYOTA KATA GUIA PRACTICA","Mike Rother",58900,"https://www.yenny-elateneo.com/productos/toyota-kata-guia-practica/","Profit","Tapa Blanda",304,"03/2020",193.75,2020
"CONVERSACIONES TRASCENDENTALES SOBRE ECONOMIA","Juan Carlos De Pablo",24360,"https://www.yenny-elateneo.com/productos/conversaciones-trascendentales-sobre-economia/","Lenguaje Claro","Tapa Blanda",184,"01/2023",132.391304347826,2023
"LA ESCUELA DE NEGOCIOS","Robert T. Kiyosaki",20699,"https://www.yenny-elateneo.com/productos/la-escuela-de-negocios/","Debols!llo","Tapa Blanda",208,"01/2020",99.5144230769231,2020
"AHORA TE PUEDES MARCHAR... O NO","Leo Piccioli",17300,"https://www.yenny-elateneo.com/productos/ahora-te-puedes-marchar-o-no/","V & R Editoras","Tapa Blanda",272,"11/2019",63.6029411764706,2019
"EL SENDERO A LAS RIQUEZAS EN PIENSE Y HAGASE RICO","Napoleon Hill",24900,"https://www.yenny-elateneo.com/productos/el-sendero-a-las-riquezas-en-piense-y-hagase-rico/","Del Fondo Editorial","Tapa Blanda",256,"11/2022",97.265625,2022
"TOYOTA KATA","Mike Rother",70300,"https://www.yenny-elateneo.com/productos/toyota-kata/","Profit","Tapa Blanda",336,"01/2018",209.22619047619,2018
"METAFORAS DEL DESEMPEÑO","Luis Maria Cravino",26990,"https://www.yenny-elateneo.com/productos/metaforas-del-desempeno/","Temas Grupo Editorial Srl","Tapa Blanda",176,"12/2017",153.352272727273,2017
"LIBERTAD LIBERTAD LIBERTAD","Javier Milei / Diego Giacomini",39900,"https://www.yenny-elateneo.com/productos/libertad-libertad-libertad/","Galerna","Tapa Blanda",564,"05/2019",70.7446808510638,2019
"EL JUEGO DEL DINERO","Robert T. Kiyosaki",26999,"https://www.yenny-elateneo.com/productos/el-juego-del-dinero/","Debols!llo","Tapa Blanda",376,"04/2019",71.8058510638298,2019
"CRIPTOMONEDAS","Gonzalo Roberto Arzuaga",26999,"https://www.yenny-elateneo.com/productos/criptomonedas/","Conecta","Tapa Blanda",224,"06/2018",120.53125,2018
"SIMEONE PARTIDO A PARTIDO","Diego Simeone",35900,"https://www.yenny-elateneo.com/productos/simeone-partido-a-partido/","Plataforma Editorial","Tapa Blanda",206,"04/2015",174.271844660194,2015
"INNOVACION Y EMPRESA","Guillermo Guajardo",24360,"https://www.yenny-elateneo.com/productos/innovacion-y-empresa/","Lenguaje Claro","Tapa Blanda",384,"07/2014",63.4375,2014
"NEURO PACK VOL 1","Nestor Bruno Braidot",78500,"https://www.yenny-elateneo.com/productos/neuro-pack-vol-1/","Granica","Tapa Blanda",768,"07/2014",102.213541666667,2014
"NEUROMANAGEMENT NUEVA EDICION","Nestor Bruno Braidot",58800,"https://www.yenny-elateneo.com/productos/neuromanagement-nueva-edicion/","Granica","Tapa Blanda",488,"05/2014",120.491803278689,2014
"LA TEORIA DE JUEGOS: UNA BREVE INTRODUCCION","Ken Binmore",23423.2,"https://www.yenny-elateneo.com/productos/la-teoria-de-juegos-una-breve-introduccion/","Alianza","Tapa Blanda",272,"12/2012",86.114705882353,2012
"ECONOMIA 3D","Martin Lousteau",26999,"https://www.yenny-elateneo.com/productos/economia-3d/","Debols!llo","Tapa Blanda",288,"11/2012",93.7465277777778,2012
"DILEMAS","Fabiana Gadow",43500,"https://www.yenny-elateneo.com/productos/dilemas/","Granica","Tapa Blanda",344,"02/2010",126.453488372093,2010
"EL CAPITAL VOL. 3","Karl Marx",24790,"https://www.yenny-elateneo.com/productos/el-capital-vol-3/","Siglo Xxi Editores Argentina","Tapa Blanda",456,"06/2004",54.3640350877193,2004
"EL SALTO DEL DUEÑO","Paula Molinari",38990,"https://www.yenny-elateneo.com/productos/el-salto-del-dueno/","Temas Grupo Editorial Srl","Espiralado",342,"09/2012",114.005847953216,2012
"EL ABC DEL LIDERAZGO","John C. Maxwell",23000,"https://www.yenny-elateneo.com/productos/el-abc-del-liderazgo/","V & R Editoras","Tapa Blanda",136,"06/2025",169.117647058824,2025
"EL ABC DEL EXITO","John C. Maxwell",23000,"https://www.yenny-elateneo.com/productos/el-abc-del-exito/","V & R Editoras","Tapa Blanda",112,"06/2025",205.357142857143,2025
"DOMINA EL ARTE DE LOS NEGOCIOS","Brian Tracy",29999,"https://www.yenny-elateneo.com/productos/domina-el-arte-de-los-negocios/","Aguilar","Tapa Blanda",280,"06/2025",107.139285714286,2025
"ECONOMIA HUMANA . INTUICION LIDERAZGO Y PROSPERIDAD","Ferran Caudet",40920,"https://www.yenny-elateneo.com/productos/economia-humana-intuicion-liderazgo-y-prosperidad/","Siglantana","Tapa Blanda",276,"06/2025",148.260869565217,2025
"EL EFECTO STICK","Josep Valls Gimenez",53300,"https://www.yenny-elateneo.com/productos/el-efecto-stick/","Profit","Tapa Blanda",264,"06/2025",201.893939393939,2025
"TIPS PARA MAMA","Harvard Business Review Press",40500,"https://www.yenny-elateneo.com/productos/tips-para-mama/","Amat","Tapa Blanda",188,"06/2025",215.425531914894,2025
"TIPS PARA PAPA","Harvard Business Review Press",42600,"https://www.yenny-elateneo.com/productos/tips-para-papa/","Amat","Tapa Blanda",208,"06/2025",204.807692307692,2025
"DESARROLLO DEL TALENTO EN LA PRACTICA","Martha Alles",50200,"https://www.yenny-elateneo.com/productos/desarrollo-del-talento-en-la-practica/","Granica","Tapa Blanda",472,"06/2025",106.35593220339,2025
"TODOS SOBRE LOS NFT","Roberto Garavaglia",40600,"https://www.yenny-elateneo.com/productos/todos-sobre-los-nft/","Hoepli","Tapa Blanda",208,"06/2025",195.192307692308,2025
"ELEMENTOS DE INVERSION","Burton G. Malkiel / Charles D. Ellis",42600,"https://www.yenny-elateneo.com/productos/elementos-de-inversion/","Hoepli","Tapa Blanda",176,"06/2025",242.045454545455,2025
"MARKETING EN REDES SOCIALES EL : UN ENFOQUE PRACTICO","Phillip Kotler",51300,"https://www.yenny-elateneo.com/productos/marketing-en-redes-sociales-el-un-enfoque-practico/","Hoepli","Tapa Blanda",280,"06/2025",183.214285714286,2025
"EL INVERSOR CONDUCTUAL","Daniel Crosby",53400,"https://www.yenny-elateneo.com/productos/el-inversor-conductual/","Hoepli","Tapa Blanda",288,"06/2025",185.416666666667,2025
"INVERSION EN BOLSA PARA DUMMIES","Ismael De La Cruz",42600,"https://www.yenny-elateneo.com/productos/inversion-en-bolsa-para-dummies/","Hoepli","Tapa Blanda",240,"06/2025",177.5,2025
"AQUI ESTA LA ESTRATEGIA","Seth Godin",42600,"https://www.yenny-elateneo.com/productos/aqui-esta-la-estrategia/","Hoepli","Tapa Blanda",256,"06/2025",166.40625,2025
"GESTION ESTRATEGICA PARA INSTITUCIONES EDUCATIVAS","Juan Manuel Manes",25200,"https://www.yenny-elateneo.com/productos/gestion-estrategica-para-instituciones-educativas/","Granica","Tapa Blanda",136,"01/2005",185.294117647059,2005
"ESTAS A CARGO","Susan Arevalo",25000,"https://www.yenny-elateneo.com/productos/estas-a-cargo/","Hojas Del Sur","Tapa Blanda",256,"05/2025",97.65625,2025
"PENSA COMO EMPRESARIO","Paula Monte",35000,"https://www.yenny-elateneo.com/productos/pensa-como-empresario/","Libero","Tapa Blanda",214,"05/2025",163.551401869159,2025
"LIBRO PARA EMPRENDEDORES","Luis Ramos",40000,"https://www.yenny-elateneo.com/productos/libro-para-emprendedores/","Libero","Tapa Blanda",554,"05/2025",72.202166064982,2025
"FILOSOFIA NOT WORK","Pasty Lauria",40000,"https://www.yenny-elateneo.com/productos/filosofia-not-work/","Libero","Tapa Blanda",290,"05/2025",137.931034482759,2025
"VENDER ES FACIL: COMO ME CONVERTI EN VENDEDOR SERIAL","Leo Migdal",35000,"https://www.yenny-elateneo.com/productos/vender-es-facil-como-me-converti-en-vendedor-serial/","Libero","Tapa Blanda",178,"05/2025",196.629213483146,2025
"EL GRAN CAMBIO","Guillermo Laura",35000,"https://www.yenny-elateneo.com/productos/el-gran-cambio/","Pluma Digital","Tapa Blanda",350,"10/2017",100,2017
"GESTIONANDO (SIN) PROBLEMAS","Nestor Gavilan Ferrer",53400,"https://www.yenny-elateneo.com/productos/gestionando-sin-problemas/","Profit","Tapa Blanda",222,"05/2025",240.540540540541,2025
"GENERANDO SINERGIAS","Mark Sirower",72800,"https://www.yenny-elateneo.com/productos/generando-sinergias/","Profit","Tapa Blanda",372,"05/2025",195.698924731183,2025
"ORGANIZACIONES HUMANAS","Alicia Medina / Rolf Medina",41500,"https://www.yenny-elateneo.com/productos/organizaciones-humanas/","Jc Saez Editor","Tapa Blanda",388,"05/2025",106.958762886598,2025
"CURSO DE ECONOMIA","Rudolf Steiner",33200,"https://www.yenny-elateneo.com/productos/curso-de-economia/","Antroposofica","Tapa Blanda",234,"11/2011",141.880341880342,2011
"EMPRESA COMO PERSONA","Claudio Gallico",24000,"https://www.yenny-elateneo.com/productos/empresa-como-persona/","Eudeba","Tapa Blanda",200,"04/2025",120,2025
"CLAVES PARA EL DESARROLLO DE AMERICA LAT","Christian Gonzalo Asinelli",35699,"https://www.yenny-elateneo.com/productos/claves-para-el-desarrollo-de-america-lat/","Ediciones B","Tapa Blanda",256,"04/2025",139.44921875,2025
"INTELIGENCIA SENTI-MENTAL","Mati Moretti",31990,"https://www.yenny-elateneo.com/productos/inteligencia-senti-mental/","Temas Grupo Editorial Srl","Tapa Blanda",176,"04/2025",181.761363636364,2025
"REDACTAR MEJOR - SOFT SKILLS","Heather Pierce",22200,"https://www.yenny-elateneo.com/productos/redactar-mejor-soft-skills/","Profit","Tapa Blanda",128,"04/2025",173.4375,2025
"AUMENTAR LAS VENTAS SK","Marcos Alvarez",22200,"https://www.yenny-elateneo.com/productos/aumentar-las-ventas-sk/","Profit","Tapa Blanda",128,"04/2025",173.4375,2025
"SOBRE LIDERAZGO","Tony Blair",42600,"https://www.yenny-elateneo.com/productos/sobre-liderazgo/","Profit","Tapa Blanda",304,"04/2025",140.131578947368,2025
"MANAGEMENT DEL SENTIDO COMUN","Xavier Marcet",31800,"https://www.yenny-elateneo.com/productos/management-del-sentido-comun/","Plataforma Editorial","Tapa Blanda",152,"04/2025",209.210526315789,2025
"VENDER IMPORTANDO","Dany Caceres",23900,"https://www.yenny-elateneo.com/productos/vender-importando/","Emprenbooks","Tapa Blanda",303,"04/2025",78.8778877887789,2025
"REVOLUCION SENIOR","Sebastian Campanario",28999,"https://www.yenny-elateneo.com/productos/revolucion-senior/","Sudamericana","Tapa Blanda",192,"05/2019",151.036458333333,2019
"ODISEA PYME","Francisco Rimmele",24990,"https://www.yenny-elateneo.com/productos/odisea-pyme/","Temas Grupo Editorial Srl","Tapa Blanda",164,"03/2025",152.378048780488,2025
"MANIFIESTO CAPITALISTA","Robert T. Kiyosaki",30899,"https://www.yenny-elateneo.com/productos/manifiesto-capitalista1/","Debols!llo","Tapa Blanda",584,"03/2025",52.9092465753425,2025
"PATRIMONIO Y FAMILIA","Rodrigo Rincon",48800,"https://www.yenny-elateneo.com/productos/patrimonio-y-familia/","Profit","Tapa Blanda",264,"02/2025",184.848484848485,2025
"CAMBIA EL CHIP","Paco Soler",38300,"https://www.yenny-elateneo.com/productos/cambia-el-chip/","Profit","Tapa Blanda",200,"02/2025",191.5,2025
"GEORGE SOROS","Peter L.w. Osnos",52400,"https://www.yenny-elateneo.com/productos/george-soros/","Profit","Tapa Blanda",268,"02/2025",195.522388059701,2025
"MARCELO DIAMAND. DOCTRINAS ECONÓMICAS DESARROLLO E INDEPENDENCIA","Marcelo Diamand",75000,"https://www.yenny-elateneo.com/productos/marcelo-diamand-doctrinas-economicas-desarrollo-e-independencia/","Imago Mundi","Tapa Blanda",642,"02/2025",116.822429906542,2025
"WELLNESS FINANCIERO","Jordi Martinez Llorente / Vicenc Yll Escot",36200,"https://www.yenny-elateneo.com/productos/wellness-financiero/","Profit","Tapa Blanda",168,"02/2025",215.47619047619,2025
"LA PARADOJA DEL RENDIMIENTO","Eduardo Briceno",34500,"https://www.yenny-elateneo.com/productos/la-paradoja-del-rendimiento/","Editorial Sirio","Tapa Blanda",360,"02/2025",95.8333333333333,2025
"THE 33 STRATEGIES OF WAR","Robert Greene",54188,"https://www.yenny-elateneo.com/productos/the-33-strategies-of-war/","Penguin Books","Tapa Blanda",NA,"01/2025",NA,2025
"THE RICHEST MAN IN BABYLON","George S. Clason",22724,"https://www.yenny-elateneo.com/productos/the-richest-man-in-babylon1/","Berkley","Tapa Blanda",NA,"01/2025",NA,2025
"LAS LEYES DE LA COMPETICION","Bruce Greenwald / Judd Kahn",36000,"https://www.yenny-elateneo.com/productos/las-leyes-de-la-competicion/","Arpa","Tapa Blanda",520,"01/2025",69.2307692307692,2025
"ESCALAR","Sam Chand",24700,"https://www.yenny-elateneo.com/productos/escalar/","Renacer","Tapa Blanda",240,"01/2025",102.916666666667,2025
"STRETCH","Scott Sonenshein",20346.72,"https://www.yenny-elateneo.com/productos/stretch/","Reverte","Tapa Blanda",NA,"01/2025",NA,2025
"COLISION INMINENTE","Hans Greimel",20346.72,"https://www.yenny-elateneo.com/productos/colision-inminente/","Reverte","Tapa Blanda",NA,"01/2025",NA,2025
"FUNDAMENTOS DE ECONOMIA 4 ED.","Paul R. Krugman",55131.92,"https://www.yenny-elateneo.com/productos/fundamentos-de-economia-4-ed/","Reverte","Tapa Blanda",NA,"01/2025",NA,2025
"PIENSA ESTRATEGICAMENTE","Harvard Business Review",22164.64,"https://www.yenny-elateneo.com/productos/piensa-estrategicamente/","Reverte","Tapa Blanda",NA,"01/2025",NA,2025
"ESENCIA DEL LIDERAZGO LA SEGUNDA EDICION","Hugo Landolfi",25000,"https://www.yenny-elateneo.com/productos/esencia-del-liderazgo-la-segunda-edicion/","Dunken","Tapa Blanda",256,"01/2025",97.65625,2025
"9 SECRETOS DE LA GENTE EXITOSA","Harvard Business Review",10662.8,"https://www.yenny-elateneo.com/productos/9-secretos-de-la-gente-exitosa/","Reverte","Tapa Blanda",NA,"01/2025",NA,2025
"DOCE Y MEDIO","Gary Vaynerchuk",15487.28,"https://www.yenny-elateneo.com/productos/doce-y-medio/","Reverte","Tapa Blanda",NA,"01/2025",NA,2025
"LOGRA UN ASCENSO. SERIE BUSINESS EXPERTS","Niamh O'keeffe",10662.8,"https://www.yenny-elateneo.com/productos/logra-un-ascenso-serie-business-experts/","Reverte","Tapa Blanda",NA,"01/2025",NA,2025
"MANAGEMENT TIPS 2. SERIE MANAGEMENT EN 20 MINUTOS","Harvard Business Review",15487.28,"https://www.yenny-elateneo.com/productos/management-tips-2-serie-management-en-20-minutos/","Reverte","Tapa Blanda",NA,"01/2025",NA,2025
"EQUIPOS INNOVADORES. SERIE MANAGEMENT EN 20 MINUTOS","Harvard Business Review",10662.8,"https://www.yenny-elateneo.com/productos/equipos-innovadores-serie-management-en-20-minutos/","Reverte","Tapa Blanda",NA,"01/2025",NA,2025
"UN PAVO REAL EN EL REINO DE LOS PINGUINOS","B. J. Gallagher",10662.8,"https://www.yenny-elateneo.com/productos/un-pavo-real-en-el-reino-de-los-pinguinos/","Reverte","Tapa Blanda",NA,"01/2025",NA,2025
"DESPIDE A TU JEFE","Juan Antonio Guerrero Canongo",15406.6,"https://www.yenny-elateneo.com/productos/despide-a-tu-jefe/","Mestas","Tapa Blanda",NA,"01/2025",NA,2025
"CONVENCER Y PERSUADIR. SOFT SKILLS","Marcos Alvarez",21300,"https://www.yenny-elateneo.com/productos/convencer-y-persuadir-soft-skills/","Profit","Tapa Blanda",128,"12/2024",166.40625,2024
"APRENDER COACHING. SOFT SKILLS","Cesar Piqueras",21300,"https://www.yenny-elateneo.com/productos/aprender-coaching-soft-skills/","Profit","Tapa Blanda",128,"12/2024",166.40625,2024
"ACTUA COMO UN LIDER PIENSA COMO UN LIDER","Herminia Ibarra",52400,"https://www.yenny-elateneo.com/productos/actua-como-un-lider-piensa-como-un-lider/","Profit","Tapa Blanda",208,"12/2024",251.923076923077,2024
"EMPRESAS Y TRIBULACIONES DE MAQROLL","Rm",27356.2,"https://www.yenny-elateneo.com/productos/empresas-y-tribulaciones-de-maqroll/","Rm","Tapa Blanda",NA,"12/2024",NA,2024
"COACHING CON PNL","Joseph O'connor / Andrea Lages",25500,"https://www.yenny-elateneo.com/productos/coaching-con-pnl/","Urano","Tapa Blanda",272,"03/2020",93.75,2020
"INTELIGENCIA EMOCIONAL","Harvard Business Review",20976,"https://www.yenny-elateneo.com/productos/inteligencia-emocional1/","Reverte","Tapa Blanda",256,"12/2018",81.9375,2018
"7 MOMENTOS DEL COACHING - CONVERSACIONES PARA UN VIAJE INTERIOR","Reverte",27968,"https://www.yenny-elateneo.com/productos/7-momentos-del-coaching-conversaciones-para-un-viaje-interior/","Reverte","Tapa Blanda",148,"07/2022",188.972972972973,2022
"CREATIVIDAD","Manel Rajadell",28842,"https://www.yenny-elateneo.com/productos/creatividad2/","Reverte","Tapa Blanda",286,"12/2019",100.846153846154,2019
"MAQUINAS PREDICTIVAS","Ajay Agrawal / Joshua Gans / Avi Goldfarb",22724,"https://www.yenny-elateneo.com/productos/maquinas-predictivas/","Reverte","Tapa Blanda",306,"12/2019",74.2614379084967,2019
"MEJORA TU PRODUCTIVIDAD","Varios Autores",20976,"https://www.yenny-elateneo.com/productos/mejora-tu-productividad/","Reverte","Tapa Blanda",245,"09/2019",85.6163265306122,2019
"MACROECONOMIA INTERNACIONAL","Robert C. Feenstra / Alan M. Taylor",63802,"https://www.yenny-elateneo.com/productos/macroeconomia-internacional/","Reverte","Tapa Dura",520,"05/2017",122.696153846154,2017
"MACROECONOMIA","Paul R. Krugman / Robin Wells",75164,"https://www.yenny-elateneo.com/productos/macroeconomia/","Reverte","Tapa Blanda",610,"05/2017",123.219672131148,2017
"MICROECONOMIA","Austan Goolsbee / Steven D. Levitt / Chad Syverson",92644,"https://www.yenny-elateneo.com/productos/microeconomia/","Reverte","Tapa Blanda",800,"05/2017",115.805,2017
"EL CATALIZADOR","Reverte",30590,"https://www.yenny-elateneo.com/productos/el-catalizador/","Reverte","Tapa Blanda",NA,"05/2023",NA,2023
"CONVERSACIONES","David Rubenstein",30590,"https://www.yenny-elateneo.com/productos/conversaciones1/","Reverte","Tapa Blanda",484,"07/2022",63.202479338843,2022
"EL LIDER","Jim Harter",38456,"https://www.yenny-elateneo.com/productos/el-lider/","Reverte","Tapa Blanda",435,"07/2022",88.4045977011494,2022
"DOLARIZACIONES","Ariel Wilkis",28000,"https://www.yenny-elateneo.com/productos/dolarizaciones/","Fondo De Cultura Economica","Tapa Blanda",360,"12/2024",77.7777777777778,2024
"LIDERAR CON HUMILDAD","Jeffrey Krames",12700,"https://www.yenny-elateneo.com/productos/liderar-con-humildad/","V & R Editoras","Tapa Blanda",168,"10/2014",75.5952380952381,2014
"GESTIONAR EL TIEMPO. SOFT SKILLS","Mark Mancini",21300,"https://www.yenny-elateneo.com/productos/gestionar-el-tiempo-soft-skills/","Profit","Tapa Blanda",128,"11/2024",166.40625,2024
"VENDER. SOFT SKILLS","Linda Richardson",21300,"https://www.yenny-elateneo.com/productos/vender-soft-skills/","Profit","Tapa Blanda",128,"11/2024",166.40625,2024
"MOTIVAR PERSONAS. SOFT SKILLS.","Anne Bruce",21300,"https://www.yenny-elateneo.com/productos/motivar-personas-soft-skills/","Profit","Tapa Blanda",128,"11/2024",166.40625,2024
"HISTORIA ECONOMICA MUNDIAL: UNA BREVE INTRODUCCION","Robert C. Allen",21850,"https://www.yenny-elateneo.com/productos/historia-economica-mundial-una-breve-introduccion/","Alianza","Tapa Blanda",252,"02/2015",86.7063492063492,2015
"VIVIR EN LA FRONTERA","Martin Shaw",20000,"https://www.yenny-elateneo.com/productos/vivir-en-la-frontera/","Dunken","Tapa Blanda",NA,"11/2024",NA,2024
"MARKETING PRACTICO PARA PEQUEÑOS NEGOCIOS","Lucia Mediano Serrano / Xavier Zubizarreta",43612.6,"https://www.yenny-elateneo.com/productos/marketing-practico-para-pequenos-negocios/","Piramide","Tapa Blanda",296,"04/2016",147.339864864865,2016
"CAPITALISMO Y PERSONALIDAD","Luis Enrique Alonso / Carlos J. Fernandez Rodriguez",27900,"https://www.yenny-elateneo.com/productos/capitalismo-y-personalidad/","Catarata","Tapa Blanda",240,"11/2024",116.25,2024
"EL GARAGE DE TUS SUEÑOS","Agustin Remondino",27900,"https://www.yenny-elateneo.com/productos/el-garage-de-tus-suenos/","Lid","Tapa Blanda",128,"11/2024",217.96875,2024
"VOLVER A SER GRANDES","Federico Dominguez",24000,"https://www.yenny-elateneo.com/productos/volver-a-ser-grandes/","Galerna","Tapa Blanda",230,"10/2024",104.347826086957,2024
"LA CIENCIA DE HACERSE RICO","Wallace D. Wattles",18431,"https://www.yenny-elateneo.com/productos/la-ciencia-de-hacerse-rico2/","Biblok","Tapa Blanda",224,"10/2021",82.28125,2021
"KEYNES","Peter Temin / David Vines",29300,"https://www.yenny-elateneo.com/productos/keynes1/","Ned Ediciones","Tapa Blanda",192,"05/2019",152.604166666667,2019
"SEO TECNICO","Anaya",43612.6,"https://www.yenny-elateneo.com/productos/seo-tecnico/","Anaya","Tapa Blanda",NA,"10/2024",NA,2024
"EL FINAL DE LAS CRISIS ECONOMICAS NACIONALES","Anaya",33526.64,"https://www.yenny-elateneo.com/productos/el-final-de-las-crisis-economicas-nacionales/","Anaya","Tapa Blanda",NA,"10/2024",NA,2024
"CODESARROLLO","Martha Alicia Alles",45400,"https://www.yenny-elateneo.com/productos/codesarrollo/","Granica","Tapa Blanda",360,"04/2009",126.111111111111,2009
"CONDUCIR AL CAPITAL . ESTADO O MERCADO UNA FALSA DICOTOMIA","Delfina Rossi",25990,"https://www.yenny-elateneo.com/productos/conducir-al-capital-estado-o-mercado-una-falsa-dicotomia/","Continente","Tapa Blanda",192,"09/2024",135.364583333333,2024
"PARADOJA LA - ED. REVISADA","James C. Hunter",21800,"https://www.yenny-elateneo.com/productos/paradoja-la-ed-revisada/","Empresa Activa","Tapa Blanda",192,"09/2024",113.541666666667,2024
"DE BUHOS Y LABERINTOS","Eduardo Delle Ville",20000,"https://www.yenny-elateneo.com/productos/de-buhos-y-laberintos/","Nuevo Hacer","Tapa Blanda",286,"08/2024",69.9300699300699,2024
"PROCESOS DEL SEGUNDO TIEMPO","Enrique Jaime Portnoy",10000,"https://www.yenny-elateneo.com/productos/procesos-del-segundo-tiempo/","Dunken","Tapa Blanda",NA,"08/2024",NA,2024
"INNOVACION CONTINUA","Behnam N. Tabrizi",58900,"https://www.yenny-elateneo.com/productos/innovacion-continua/","Profit","Tapa Blanda",262,"08/2024",224.809160305344,2024
"GREAT REVIVE THE","Juan Manuel Roca",38700,"https://www.yenny-elateneo.com/productos/great-revive-the/","Kolima","Tapa Blanda",184,"08/2024",210.326086956522,2024
"POSICIONAMIENTO Y REPUTACION ONLINE","Sico De Andres",38578.36,"https://www.yenny-elateneo.com/productos/posicionamiento-y-reputacion-online/","Anaya","Tapa Blanda",NA,"08/2024",NA,2024
"CURSO DE MARKETING HOTELERO","Oliver Espinosa Sorensen",40256.44,"https://www.yenny-elateneo.com/productos/curso-de-marketing-hotelero/","Anaya","Tapa Blanda",NA,"08/2024",NA,2024
"LOS SECRETOS DE LAS MARCAS","Fernando De Cordoba",38980.4,"https://www.yenny-elateneo.com/productos/los-secretos-de-las-marcas/","Kailas","Tapa Blanda",384,"07/2024",101.511458333333,2024
"GENEROS Y PULSIONES EN EL COMPORTAMIENTO ORGANIZACIONAL","Emmanuel Oliverio",28000,"https://www.yenny-elateneo.com/productos/generos-y-pulsiones-en-el-comportamiento-organizacional/","Pluma Digital","Tapa Blanda",176,"07/2024",159.090909090909,2024
"VENDE COMO BEZOS","Carmine Gallo",64700,"https://www.yenny-elateneo.com/productos/vende-como-bezos/","Profit","Tapa Blanda",302,"06/2024",214.238410596026,2024
"PRESENTA TUS IDEAS CON FORMA DE VIRUS","Enric Llado",34700,"https://www.yenny-elateneo.com/productos/presenta-tus-ideas-con-forma-de-virus/","Kolima","Tapa Blanda",166,"06/2024",209.036144578313,2024
"EL SISTEMA DE CREDITO SOCIAL CHINO","Avaro Dante",22600,"https://www.yenny-elateneo.com/productos/el-sistema-de-credito-social-chino/","Biblos","Tapa Blanda",224,"05/2024",100.892857142857,2024
"MANUAL DEL SUEÑO AMERICANO","Esteban Morano",38900,"https://www.yenny-elateneo.com/productos/manual-del-sueno-americano/","Planeta","Tapa Blanda",352,"05/2024",110.511363636364,2024
"LO QUE NO ME DIJERON DE EMPRENDER","Veronica Aviles",26300,"https://www.yenny-elateneo.com/productos/lo-que-no-me-dijeron-de-emprender/","Renacer","Tapa Blanda",192,"04/2024",136.979166666667,2024
"ALMA EMPRENDEDORA","Virginia Suarez Dratman",24500,"https://www.yenny-elateneo.com/productos/alma-emprendedora/","Del Fondo Editorial","Tapa Blanda",214,"04/2024",114.485981308411,2024
"SER EL PRIMERO","Alejandro Condomi Alcorta",29000,"https://www.yenny-elateneo.com/productos/ser-el-primero/","The Orlando Books","Tapa Blanda",240,"04/2024",120.833333333333,2024
"EL ARTE DE SUBIR (Y BAJAR) LA MONTAÑA","Marcos Pena",27190,"https://www.yenny-elateneo.com/productos/el-arte-de-subir-y-bajar-la-montana/","Siglo Xxi Editores Argentina","Tapa Blanda",256,"03/2024",106.2109375,2024
"EMPRENDEDOR QUIEN LO LEA","Euge Oller",15990,"https://www.yenny-elateneo.com/productos/emprendedor-quien-lo-lea/","Emprenbooks","Tapa Blanda",NA,"03/2024",NA,2024
"MILLONES EN BIENES RAICES","Gaston Gregorio",29000,"https://www.yenny-elateneo.com/productos/millones-en-bienes-raices/","Fripp Editor","Tapa Blanda",202,"03/2024",143.564356435644,2024
"TODO VALIO LA PENA","Maria Laura Tramezzani",27500,"https://www.yenny-elateneo.com/productos/todo-valio-la-pena/","Granica","Tapa Blanda",172,"03/2024",159.883720930233,2024
"EL GRAN ENGAÑO","Mariana Mazzucato / Rosie Collington",37799,"https://www.yenny-elateneo.com/productos/el-gran-engano/","Taurus","Tapa Blanda",392,"01/2024",96.4260204081633,2024
"METODO MAPA DE PRODUCTIVIDAD PERSONAL","Cesar Piqueras",46200,"https://www.yenny-elateneo.com/productos/metodo-mapa-de-productividad-personal/","Profit","Tapa Blanda",168,"01/2024",275,2024
"SOY MARCA","Luis Angel Diaz",35900,"https://www.yenny-elateneo.com/productos/soy-marca/","Profit","Tapa Blanda",168,"01/2024",213.690476190476,2024
"GUIA ARGENTINA DE FRANQUICIAS 2024","Roberto Russo",30000,"https://www.yenny-elateneo.com/productos/guia-argentina-de-franquicias-2024/","Best De Argentina","Tapa Blanda",356,"01/2024",84.2696629213483,2024
"LA VENTA","Jon Gordon / Alex Demczak",17600,"https://www.yenny-elateneo.com/productos/la-venta/","Ediciones Urano","Tapa Blanda",160,"01/2024",110,2024
"HUMAN RETAIL","Marcos Alvarez",46200,"https://www.yenny-elateneo.com/productos/human-retail/","Profit","Tapa Blanda",208,"01/2024",222.115384615385,2024
"AUTOGESTION","Alejo Ecube",46200,"https://www.yenny-elateneo.com/productos/autogestion/","Profit","Tapa Blanda",176,"01/2024",262.5,2024
"EMPRESAS QUE CRECEN CON ALMA","Angel Bonet",50800,"https://www.yenny-elateneo.com/productos/empresas-que-crecen-con-alma/","Profit","Tapa Blanda",222,"01/2024",228.828828828829,2024
"LOS 10 HABITOS CLAVE PARA GESTIONAR EMPRESAS Y NEGOCIOS COMPETITIVOS","Lluis Cuatrecasas",58900,"https://www.yenny-elateneo.com/productos/los-10-habitos-clave-para-gestionar-empresas-y-negocios-competitivos/","Profit","Tapa Blanda",280,"01/2024",210.357142857143,2024
"MIAMI EN TUS MANOS","Eliana Silva",7000,"https://www.yenny-elateneo.com/productos/miami-en-tus-manos/","Dunken","Tapa Blanda",NA,"12/2023",NA,2023
"ACTITUD Y ACCION","Juanita Acevedo Segura",46200,"https://www.yenny-elateneo.com/productos/actitud-y-accion/","Profit","Tapa Blanda",198,"12/2023",233.333333333333,2023
"SAY THANK YOU","Jim Edwards",46200,"https://www.yenny-elateneo.com/productos/say-thank-you/","Profit","Tapa Blanda",226,"12/2023",204.424778761062,2023
"CONECTA (GETTING ALONG)","Amy Gallo",46200,"https://www.yenny-elateneo.com/productos/conecta-getting-along/","Profit","Tapa Blanda",280,"12/2023",165,2023
"PRIMERO LOS EMPLEADOS LOS CLIENTES DESPUES","Vineet Nayar",46200,"https://www.yenny-elateneo.com/productos/primero-los-empleados-los-clientes-despues/","Profit","Tapa Blanda",176,"12/2023",262.5,2023
"LA HISTORIA DE TRECE","Maiti Luiggi Sarrias",42500,"https://www.yenny-elateneo.com/productos/la-historia-de-trece/","Profit","Tapa Blanda",162,"10/2022",262.345679012346,2022
"COMO EMPEZAR","Michael Bungay Stanier",25900,"https://www.yenny-elateneo.com/productos/como-empezar/","Empresa Activa","Tapa Blanda",224,"10/2022",115.625,2022
"LA RESPONSABILIDAD SOCIAL EMPRESARIA EN EL CAPITALISMO TARDIO","Carlos Molinari",17700,"https://www.yenny-elateneo.com/productos/la-responsabilidad-social-empresaria-en-el-capitalismo-tardio/","Biblos","Tapa Blanda",182,"10/2022",97.2527472527473,2022
"NET POSITIVE","Paul Polman / Andrew Winston",63700,"https://www.yenny-elateneo.com/productos/net-positive/","Profit","Tapa Blanda",400,"09/2022",159.25,2022
"MANUAL DE ORGANIZACION E INGENIERIA DE LA PRODUCCION Y GESTION DE OPERACIONES","Lluis Cuatrecasas",181000,"https://www.yenny-elateneo.com/productos/manual-de-organizacion-e-ingenieria-de-la-produccion-y-gestion-de-operaciones/","Profit","Tapa Blanda",704,"09/2022",257.102272727273,2022
"CRECER HACIENDO CRECER. EMPRESAS CONSISTENTES","Xavier Marcet",38700,"https://www.yenny-elateneo.com/productos/crecer-haciendo-crecer-empresas-consistentes/","Plataforma Editorial","Tapa Blanda",224,"09/2022",172.767857142857,2022
"MARKETING 4.0","Phillip Kotler",34900,"https://www.yenny-elateneo.com/productos/marketing-4-0/","Lid","Tapa Blanda",192,"09/2022",181.770833333333,2022
"LA PUBLICIDAD","Gloria Jimenez-marin / Esther Simancas-gonzalez",41182.88,"https://www.yenny-elateneo.com/productos/la-publicidad/","Piramide","Tapa Blanda",225,"08/2022",183.035022222222,2022
"COMO DISFRUTAR EN EL TRABAJO","Reverte",30590,"https://www.yenny-elateneo.com/productos/como-disfrutar-en-el-trabajo/","Reverte","Tapa Blanda",303,"07/2022",100.957095709571,2022
"REVOLUCIONANDO EL TRABAJO","Aaron Dignan",27968,"https://www.yenny-elateneo.com/productos/revolucionando-el-trabajo/","Reverte","Tapa Blanda",323,"07/2022",86.5882352941177,2022
"GESTIONA CON EXITO UN CAMBIO PROFESIONAL","Michael Watkins",27968,"https://www.yenny-elateneo.com/productos/gestiona-con-exito-un-cambio-profesional/","Reverte","Tapa Blanda",218,"07/2022",128.293577981651,2022
"7 MOMENTS OF COACHING THE","Reverte",30170.48,"https://www.yenny-elateneo.com/productos/7-moments-of-coaching-the/","Reverte","Tapa Blanda",140,"07/2022",215.503428571429,2022
"INTERNACIONALIZAR CON EXITO","Pere Ballart Hernandez",55400,"https://www.yenny-elateneo.com/productos/internacionalizar-con-exito/","Profit","Tapa Blanda",208,"07/2022",266.346153846154,2022
"EMPRESA INVERTEBRADA","Ricardo Sanchez Butragueno",34700,"https://www.yenny-elateneo.com/productos/empresa-invertebrada/","Plataforma Editorial","Tapa Blanda",152,"07/2022",228.289473684211,2022
"7 VENDEDORES DE EXITO¿ Y LOS 8 COMPRADORES EMPEÑADOS EN QUE FRACASEN LOS (ARG)","Jesus Gul Vilda",21400,"https://www.yenny-elateneo.com/productos/7-vendedores-de-exito-y-los-8-compradores-empenados-en-que-fracasen-los-arg/","Empresa Activa","Tapa Blanda",216,"06/2022",99.0740740740741,2022
"FACILITAR AVANCES CONJUNTOS (ARG)","Adam Kahane",22000,"https://www.yenny-elateneo.com/productos/facilitar-avances-conjuntos-arg/","Empresa Activa","Tapa Blanda",224,"06/2022",98.2142857142857,2022
"TRES FORMAS DE TOMAR UN HELADO","Enrique Espeche",24900,"https://www.yenny-elateneo.com/productos/tres-formas-de-tomar-un-helado/","El Ateneo","Tapa Blanda",320,"06/2022",77.8125,2022
"EL LIBRO DEL CAMBIO DE ENRIC","Enric Llado",34700,"https://www.yenny-elateneo.com/productos/el-libro-del-cambio-de-enric/","Kolima","Tapa Blanda",128,"06/2022",271.09375,2022
"EL SER Y EL HACER DEL COACH","Ana Luisa Escalante / Damian Goldvarg / Norma Perel",33600,"https://www.yenny-elateneo.com/productos/el-ser-y-el-hacer-del-coach/","Granica","Tapa Blanda",224,"05/2022",150,2022
"SHINE","Ana De Andres",46200,"https://www.yenny-elateneo.com/productos/shine/","Kolima","Tapa Blanda",256,"05/2022",180.46875,2022
"LO QUE SEA DE CADA QUIEN","Alvin Roth",24500,"https://www.yenny-elateneo.com/productos/lo-que-sea-de-cada-quien/","Oceano","Tapa Blanda",276,"05/2022",88.768115942029,2022
"ENSAYO SOBRE INCLUSION FINANCIERA","Biblioteca Nacional",15375,"https://www.yenny-elateneo.com/productos/ensayo-sobre-inclusion-financiera/","Biblioteca Nacional","Tapa Blanda",344,"03/2022",44.6947674418605,2022
"CRECE Y HAZTE RICO","Romuald Fons",36900,"https://www.yenny-elateneo.com/productos/crece-y-hazte-rico/","Paidos","Tapa Blanda",272,"03/2022",135.661764705882,2022
"LA BOTELLA MEDIO LLENA","Oriol Amat",39700,"https://www.yenny-elateneo.com/productos/la-botella-medio-llena/","Profit","Tapa Blanda",192,"03/2022",206.770833333333,2022
"FRICTIONLESS","Marc Cortes",58900,"https://www.yenny-elateneo.com/productos/frictionless/","Profit","Tapa Blanda",304,"03/2022",193.75,2022
"CIRCULANDO HACIA UNA NUEVA ECONOMIA","Jose Luis Gallego",54500,"https://www.yenny-elateneo.com/productos/circulando-hacia-una-nueva-economia/","Profit","Tapa Blanda",216,"03/2022",252.314814814815,2022
"PODER CUANTICO PARA GANAR MAS EN LOS NEGOCIOS","Josep Alet",54500,"https://www.yenny-elateneo.com/productos/poder-cuantico-para-ganar-mas-en-los-negocios/","Profit","Tapa Blanda",192,"03/2022",283.854166666667,2022
"LA PUBLICIDAD MODERNA","Fernando Roig",26000,"https://www.yenny-elateneo.com/productos/la-publicidad-moderna/","Ediciones Infinito","Tapa Blanda",152,"03/2022",171.052631578947,2022
"METODO DE NEGOCIACION","Aurelien Colson / Alain Lempereur / Ricardo Perez Nuckel",39900,"https://www.yenny-elateneo.com/productos/metodo-de-negociacion/","Granica","Tapa Blanda",304,"03/2022",131.25,2022
"IMPACTO","Christen Brand",46200,"https://www.yenny-elateneo.com/productos/impacto1/","Profit","Tapa Blanda",256,"02/2022",180.46875,2022
"COMO COMER CANGREJO Y NO MORIR EN EL INTENTO","Monica Alonso / Alfonso Cornella",42500,"https://www.yenny-elateneo.com/productos/como-comer-cangrejo-y-no-morir-en-el-intento/","Profit","Tapa Blanda",110,"02/2022",386.363636363636,2022
"TELETRABAJO: VIVIR Y TRABAJAR MEJOR","Varios Autores",36900,"https://www.yenny-elateneo.com/productos/teletrabajo-vivir-y-trabajar-mejor/","Profit","Tapa Blanda",200,"12/2021",184.5,2021
"ESTO ES PERSONAL","Mori Taheripour",24400,"https://www.yenny-elateneo.com/productos/esto-es-personal/","Oceano","Tapa Blanda",260,"11/2021",93.8461538461538,2021
"EL MERCADO DE LA SALVACION","Eugenio A. Marchiori",39600,"https://www.yenny-elateneo.com/productos/el-mercado-de-la-salvacion/","Granica","Tapa Blanda",288,"11/2021",137.5,2021
"EVALUACIONES MULTIPLES","Martha Alles",42900,"https://www.yenny-elateneo.com/productos/evaluaciones-multiples/","Granica","Tapa Blanda",320,"11/2021",134.0625,2021
"RH POSITIVO","Varios Autores",46200,"https://www.yenny-elateneo.com/productos/rh-positivo/","Profit","Tapa Blanda",216,"10/2021",213.888888888889,2021
"WISE WORKERS","Ramon Cabezas",46200,"https://www.yenny-elateneo.com/productos/wise-workers/","Profit","Tapa Blanda",208,"09/2021",222.115384615385,2021
"HAZLO YA","Napoleon Hill",23900,"https://www.yenny-elateneo.com/productos/hazlo-ya/","Del Fondo Editorial","Tapa Blanda",214,"09/2021",111.682242990654,2021
"EMPRENDEDOR","Victor Hugo Manzanilla",27600,"https://www.yenny-elateneo.com/productos/emprendedor/","Agustin Agency","Tapa Blanda",NA,"07/2021",NA,2021
"EL VALER DE LOS VALORES","Horacio Bolanos",28990,"https://www.yenny-elateneo.com/productos/el-valer-de-los-valores/","Temas Grupo Editorial Srl","Tapa Blanda",198,"07/2021",146.414141414141,2021
"FINANCIANDO EL DESARROLLO","Christian G. Asinelli",29000,"https://www.yenny-elateneo.com/productos/financiando-el-desarrollo/","Vertice De Ideas","Tapa Blanda",258,"06/2021",112.403100775194,2021
"DIGITALMENTE REBELDES. MINDSET DEL NUEVO EMPRENDEDOR","Mateo Bovio",18500,"https://www.yenny-elateneo.com/productos/digitalmente-rebeldes-mindset-del-nuevo-emprendedor/","Lea","Tapa Blanda",160,"11/2023",115.625,2023
"MAR DEL PLATA: EL MERCADO INMOBILIARIO DEL OCIO","Victor Pegoraro",25850,"https://www.yenny-elateneo.com/productos/mar-del-plata-el-mercado-inmobiliario-del-ocio/","Prometeo","Tapa Blanda",248,"11/2023",104.233870967742,2023
"CRISIS & CO.","Ezequiel Kieczkier / Gabriel Weinstein",31990,"https://www.yenny-elateneo.com/productos/crisis-co/","Temas Grupo Editorial Srl","Tapa Blanda",192,"10/2023",166.614583333333,2023
"CORONADOS DE GLORIA YPF/AF LIBRERIAS","Ypf",57900,"https://www.yenny-elateneo.com/productos/coronados-de-gloria-ypf-af-librerias/","Planeta","Tapa Blanda",240,"10/2023",241.25,2023
"EL MANUSCRITO ORIGINAL","Napoleon Hill",49900,"https://www.yenny-elateneo.com/productos/el-manuscrito-original/","Del Fondo Editorial","Tapa Blanda",832,"09/2023",59.9759615384615,2023
"CAPITALISMO O SOCIALISMO","Feijoo Valenzuela",30000,"https://www.yenny-elateneo.com/productos/capitalismo-o-socialismo/","Fondo De Cultura Economica","Tapa Blanda",487,"08/2023",61.6016427104723,2023
"12 PASOS PARA SER UN BUEN JEFE","Martha Alles",28700,"https://www.yenny-elateneo.com/productos/12-pasos-para-ser-un-buen-jefe/","Granica","Tapa Blanda",168,"07/2023",170.833333333333,2023
"DEREK SIVERS: OBRAS COMPLETAS (O CASI)","Derek Sivers",31000,"https://www.yenny-elateneo.com/productos/derek-sivers-obras-completas-o-casi/","Empresa Activa","Tapa Blanda",448,"07/2023",69.1964285714286,2023
"GUIA RAPIDA DE LAS 48 LEYES DE PODER - N. ED.","Robert Greene",27700,"https://www.yenny-elateneo.com/productos/guia-rapida-de-las-48-leyes-de-poder-n-ed/","Oceano","Tapa Blanda",215,"06/2023",128.837209302326,2023
"EL DISEÑO EDUCATIVO","Santiago Lazzati",25200,"https://www.yenny-elateneo.com/productos/el-diseno-educativo/","Granica","Tapa Blanda",132,"05/2021",190.909090909091,2021
"COMO ORGANIZARTE EN UN MUNDO VERTIGINOSO","Julio C. Perez",25900,"https://www.yenny-elateneo.com/productos/como-organizarte-en-un-mundo-vertiginoso/","Del Fondo Editorial","Tapa Blanda",300,"05/2021",86.3333333333333,2021
"MANUAL PARA IRREVERENTES","Juan Diego Gomez Gomez",28900,"https://www.yenny-elateneo.com/productos/manual-para-irreverentes/","Paidos","Tapa Blanda",224,"05/2021",129.017857142857,2021
"ODISEA 2050","Jaime Requeijo",33614.04,"https://www.yenny-elateneo.com/productos/odisea-2050/","Alianza","Tapa Blanda",224,"05/2021",150.062678571429,2021
"EL PODER DE UNA VEZ MAS","Ed Mylett",21400,"https://www.yenny-elateneo.com/productos/el-poder-de-una-vez-mas/","Empresa Activa","Tapa Blanda",288,"06/2023",74.3055555555556,2023
"LAS 11 LLAVES","N.c. Kurt",25900,"https://www.yenny-elateneo.com/productos/las-11-llaves/","Del Fondo Editorial","Tapa Blanda",254,"06/2023",101.968503937008,2023
"SECRETOS DE LA RESILIENCIA","Javier De Pablo Simon Dolan",58900,"https://www.yenny-elateneo.com/productos/secretos-de-la-resiliencia/","Profit","Tapa Blanda",376,"06/2023",156.648936170213,2023
"RRETOS HHUMANOS","Esteban Negroni",20800,"https://www.yenny-elateneo.com/productos/rretos-hhumanos/","Kolima","Tapa Blanda",290,"06/2023",71.7241379310345,2023
"CO-CREATION SPACE","Jan Vos",18500,"https://www.yenny-elateneo.com/productos/co-creation-space/","Kolima","Tapa Blanda",178,"06/2023",103.932584269663,2023
"HABLEMOS DE EMPLOYEEE ADVOCACY EN LINKEDIN","Ariel M. Benedetti",33990,"https://www.yenny-elateneo.com/productos/hablemos-de-employeee-advocacy-en-linkedin/","Temas Grupo Editorial Srl","Tapa Blanda",216,"06/2023",157.361111111111,2023
"CONSTRUYE TU ELEVATOR PITCH","Cesar Piqueras",42500,"https://www.yenny-elateneo.com/productos/construye-tu-elevator-pitch/","Profit","Tapa Blanda",136,"05/2023",312.5,2023
"8 PASOS PARA INCREMENTAR TUS VENTAS","Mestas",8292.38,"https://www.yenny-elateneo.com/productos/8-pasos-para-incrementar-tus-ventas/","Mestas","Tapa Blanda",NA,"05/2023",NA,2023
"PODER EMPRENDEDOR","Daniel Adler",23900,"https://www.yenny-elateneo.com/productos/poder-emprendedor/","Planeta","Tapa Blanda",128,"05/2023",186.71875,2023
"MANAGGEMENT TIPS","Reverte",22724,"https://www.yenny-elateneo.com/productos/managgement-tips/","Reverte","Tapa Blanda",NA,"05/2023",NA,2023
"COMO LIDERAR REUNIONES VIRTUALES","Reverte",15732,"https://www.yenny-elateneo.com/productos/como-liderar-reuniones-virtuales/","Reverte","Tapa Blanda",NA,"05/2023",NA,2023
"COMO DIRIGIR EQUIPOS VIRTUALES","Reverte",15732,"https://www.yenny-elateneo.com/productos/como-dirigir-equipos-virtuales/","Reverte","Tapa Blanda",NA,"05/2023",NA,2023
"IE VIRTUAL - SERIE INTELIGENCIA EMOCIONAL HBR","Reverte",15732,"https://www.yenny-elateneo.com/productos/ie-virtual-serie-inteligencia-emocional-hbr/","Reverte","Tapa Blanda",NA,"05/2023",NA,2023
"EVANGELIO DE LA RIQUEZA","Andrew Carnegie",18431,"https://www.yenny-elateneo.com/productos/evangelio-de-la-riqueza/","Biblok","Tapa Blanda",307,"05/2023",60.0358306188925,2023
"NO SON CUENTOS CHINOS","Angel Garcia Crespo",21800,"https://www.yenny-elateneo.com/productos/no-son-cuentos-chinos/","Empresa Activa","Tapa Blanda",224,"05/2023",97.3214285714286,2023
"CHAMP","Diego Cuellar",15300,"https://www.yenny-elateneo.com/productos/champ/","Kolima","Tapa Blanda",152,"12/2020",100.657894736842,2020
"¿POR QUE NO ASCIENDEN LAS MUJERES?","Marshall - Helgesen",19700,"https://www.yenny-elateneo.com/productos/por-que-no-ascienden-las-mujeres/","Empresa Activa","Tapa Blanda",304,"04/2023",64.8026315789474,2023
"FILANTROINVERSION INMOBILIARA","Ivan Anz",11900,"https://www.yenny-elateneo.com/productos/filantroinversion-inmobiliara/","Dunken","Tapa Blanda",NA,"04/2023",NA,2023
"CODIGO FUTURO","Martin Martorell",32600,"https://www.yenny-elateneo.com/productos/codigo-futuro/","Granica","Tapa Blanda",192,"04/2023",169.791666666667,2023
"EL PENSAMIENTO CRITICO","Santiago Lazzati",28700,"https://www.yenny-elateneo.com/productos/el-pensamiento-critico/","Granica","Tapa Blanda",152,"03/2023",188.815789473684,2023
"LAS REGLAS DE LA CONFIANZA","Bob Lee / Emilia Montero / Luis Riva",25990,"https://www.yenny-elateneo.com/productos/las-reglas-de-la-confianza/","Temas Grupo Editorial Srl","Tapa Blanda",244,"08/2020",106.516393442623,2020
"ARGENTINA PRIMERO","Martin Redrado",35699,"https://www.yenny-elateneo.com/productos/argentina-primero/","Sudamericana","Tapa Blanda",216,"08/2020",165.273148148148,2020
"EMPRESARIOS Y ESTADO EN ARGENTINA","Claudio Belini",31200,"https://www.yenny-elateneo.com/productos/empresarios-y-estado-en-argentina/","Lenguaje Claro","Tapa Blanda",334,"07/2020",93.4131736526946,2020
"MISION BLABLACAR","Benoit Reillier",29400,"https://www.yenny-elateneo.com/productos/mision-blablacar/","Empresa Activa","Tapa Blanda",352,"03/2023",83.5227272727273,2023
"ANGELES Y DEMONIOS DE LA FAMILIA EMPRESARIA","Jordi Tarragona Coromina",40600,"https://www.yenny-elateneo.com/productos/angeles-y-demonios-de-la-familia-empresaria/","Profit","Tapa Blanda",200,"06/2020",203,2020
"SELF-MANAGEMENT","Leonardo Ravier",43900,"https://www.yenny-elateneo.com/productos/self-management/","Profit","Tapa Blanda",176,"06/2020",249.431818181818,2020
"VENTA POSITIVA","Nuria Martin",54500,"https://www.yenny-elateneo.com/productos/venta-positiva/","Profit","Tapa Blanda",416,"06/2020",131.009615384615,2020
"JUNTOS","Cesar Piqueras",42500,"https://www.yenny-elateneo.com/productos/juntos/","Profit","Tapa Blanda",196,"06/2020",216.836734693878,2020
"EL BENEFICIO","Georges Escribano / Alex Rovira",32800,"https://www.yenny-elateneo.com/productos/el-beneficio/","Plataforma Editorial","Tapa Blanda",152,"06/2020",215.789473684211,2020
"CAJA DE HERRAMIENTAS PARA REPARAR LA ARGENTINA","Oscar Binello",4900,"https://www.yenny-elateneo.com/productos/caja-de-herramientas-para-reparar-la-argentina/","Yump","Tapa Blanda",NA,"03/2023",NA,2023
"TU PROPIO EQUIPO CREATIVO","Dorling Kindersley",4195.2,"https://www.yenny-elateneo.com/productos/tu-propio-equipo-creativo/","Dorling Kindersley","Tapa Blanda",NA,"05/2020",NA,2020
"DOMINAR EL ARTE DEL FEEDBACK","Dorling Kindersley",4195.2,"https://www.yenny-elateneo.com/productos/dominar-el-arte-del-feedback/","Dorling Kindersley","Tapa Blanda",NA,"05/2020",NA,2020
"GANARSE AL JEFE O EL ARTE DE PROMOCIONARSE","Dorling Kindersley",4195.2,"https://www.yenny-elateneo.com/productos/ganarse-al-jefe-o-el-arte-de-promocionarse/","Dorling Kindersley","Tapa Blanda",NA,"05/2020",NA,2020
"EL CAMINO","Tony J. Robbins",36900,"https://www.yenny-elateneo.com/productos/el-camino/","Paidos","Tapa Blanda",320,"02/2023",115.3125,2023
"OTRO CAPITALISMO TIENE QUE SER POSIBLE","Mariana Mazzucato / Michael Jacobs",29990,"https://www.yenny-elateneo.com/productos/otro-capitalismo-tiene-que-ser-posible/","Siglo Xxi Editores Argentina","Tapa Blanda",320,"02/2023",93.71875,2023
"IMPULSO MILLONARIO","Gerardo Garcia Manjarrez",20500,"https://www.yenny-elateneo.com/productos/impulso-millonario/","V&r","Tapa Blanda",NA,"03/2020",NA,2020
"ERRANDO EL TIRO","Eric Barker",25400,"https://www.yenny-elateneo.com/productos/errando-el-tiro/","Empresa Activa","Tapa Blanda",320,"02/2023",79.375,2023
"SOSTENIBILIDAD CON PROPOSITO","Ana Palencia",42500,"https://www.yenny-elateneo.com/productos/sostenibilidad-con-proposito/","Profit","Tapa Blanda",168,"01/2020",252.97619047619,2020
"MOCHILA ARGENTINA","Teddy Karagozian",18990,"https://www.yenny-elateneo.com/productos/mochila-argentina/","Clave Intelectual S.a.","Tapa Blanda",160,"01/2023",118.6875,2023
"COMUSICACION","Adolfo Corujo",44800,"https://www.yenny-elateneo.com/productos/comusicacion/","Plataforma Editorial","Tapa Blanda",368,"12/2019",121.739130434783,2019
"CAMBIANDO EL COMPORTAMIENTO DE LOS EMPLEADOS","Nik Kinley / Shlomo Ben-hur",26220,"https://www.yenny-elateneo.com/productos/cambiando-el-comportamiento-de-los-empleados/","Reverte","Tapa Blanda",306,"12/2019",85.6862745098039,2019
"UNA VIDA QUE VALGA LA PENA","Marshall Goldsmith / Mark Reiter",29400,"https://www.yenny-elateneo.com/productos/una-vida-que-valga-la-pena/","Indicios","Tapa Blanda",288,"12/2022",102.083333333333,2022
"EL VIAJE","Josep Maria Gascon",23000,"https://www.yenny-elateneo.com/productos/viaje-el1/","Empresa Activa","Tapa Blanda",224,"12/2022",102.678571428571,2022
"REVOLUCION IMPOSITIVA","Teddy Karagozian",21890,"https://www.yenny-elateneo.com/productos/revolucion-impositiva/","Clave Intelectual S.a.","Tapa Blanda",250,"11/2019",87.56,2019
"COMO SALIR DE LA CRISIS","Carlos; Sternberg Sofia Et Al Bianco",15190,"https://www.yenny-elateneo.com/productos/como-salir-de-la-crisis/","Clave Intelectual S.a.","Tapa Blanda",250,"11/2019",60.76,2019
"CAPITAL SALARIO Y CRISIS","Siglo Xxi Editores Mexico",34490,"https://www.yenny-elateneo.com/productos/capital-salario-y-crisis/","Siglo Xxi Editores Mexico","Tapa Blanda",250,"12/2022",137.96,2022
"MEGACAPITALISTAS","Peter Phillips",37799,"https://www.yenny-elateneo.com/productos/megacapitalistas/","Roca Editorial","Tapa Blanda",320,"11/2019",118.121875,2019
"REPLAY","Ernesto Sandler",1200,"https://www.yenny-elateneo.com/productos/replay/","Mucho Gusto","Tapa Blanda",272,"11/2019",4.41176470588235,2019
"IDEA","Alejandro Masco",24990,"https://www.yenny-elateneo.com/productos/idea/","Temas Grupo Editorial Srl","Tapa Blanda",112,"11/2022",223.125,2022
"INNOVAR CON VALOR","German Stalker",32990,"https://www.yenny-elateneo.com/productos/innovar-con-valor/","Temas Grupo Editorial Srl","Tapa Blanda",252,"11/2022",130.912698412698,2022
"TRANSFORMANDO LA CADENA DE SUMINISTRO","John T. Mentzer / J. Paul Dittmann / Reuben E. Slone",57400,"https://www.yenny-elateneo.com/productos/transformando-la-cadena-de-suministro/","Profit","Tapa Blanda",216,"11/2019",265.740740740741,2019
"ECONOMIA DEL MUNDO REAL","Joaquim Verges Jaime",32775,"https://www.yenny-elateneo.com/productos/economia-del-mundo-real/","Piramide","Tapa Blanda",170,"10/2019",192.794117647059,2019
"EL TAO DE LOS LIDERES","John Heider",27500,"https://www.yenny-elateneo.com/productos/el-tao-de-los-lideres/","Del Nuevo Extremo","Tapa Blanda",172,"10/2019",159.883720930233,2019
"LA CAUSA DE LA POBREZA","Ricardo Carlos Sarmiento",17000,"https://www.yenny-elateneo.com/productos/la-causa-de-la-pobreza/","De Los Cuatro Vientos","Tapa Blanda",144,"10/2019",118.055555555556,2019
"HISTORIA NECESARIA DEL BANCO CENTRAL DE LA REPUBLICA ARGENTINA","Florencia Sember / Marcelo Rougier",33060,"https://www.yenny-elateneo.com/productos/historia-necesaria-del-banco-central-de-la-republica-argentina/","Lenguaje Claro","Tapa Blanda",472,"05/2018",70.0423728813559,2018
"EMPRESAS RECUPERADAS DE ARGENTINA","Gisela Bustos",26800,"https://www.yenny-elateneo.com/productos/empresas-recuperadas-de-argentina/","Ciccus","Tapa Blanda",312,"11/2022",85.8974358974359,2022
"MASTER EN FINANZAS","Xavier Puig Pla Oriol Amat",58900,"https://www.yenny-elateneo.com/productos/master-en-finanzas/","Amat","Tapa Blanda",304,"04/2018",193.75,2018
"EXCLUSION O RECONOCIMIENTO?","Roberto D Roitman",15000,"https://www.yenny-elateneo.com/productos/exclusion-o-reconocimiento/","Ciccus / Ediunc / Poliedro","Tapa Blanda",128,"11/2022",117.1875,2022
"EL GENIO QUE LLEVAMOS DENTRO","Federico Fros Campelo",38299,"https://www.yenny-elateneo.com/productos/el-genio-que-llevamos-dentro/","Ediciones B","Tapa Blanda",240,"04/2018",159.579166666667,2018
"CINCUENTA INNOVACIONES QUE HAN CAMBIADO","Tim Harford",38299,"https://www.yenny-elateneo.com/productos/cincuenta-innovaciones-que-han-cambiado/","Conecta","Tapa Blanda",350,"04/2018",109.425714285714,2018
"BIG DATA COMO ACTIVO DE NEGOCIO","Gemma Munoz / Eduardo Sanchez",35204.72,"https://www.yenny-elateneo.com/productos/big-data-como-activo-de-negocio/","Anaya Multimedia","Tapa Blanda",240,"09/2019",146.686333333333,2019
"MENOS RESPETO QUE SOY TU JEFE","Veronica Carabajal / Melina Cao / Carolina Levin",16400,"https://www.yenny-elateneo.com/productos/menos-respeto-que-soy-tu-jefe/","Lid","Tapa Blanda",128,"02/2018",128.125,2018
"DIRECCION ESTRATEGICA DE RECURSOS HUMANOS","Natalia Garcia Carbonell / Fernando Martin Alcazar / Gonzalo Sanchez Gardey",45290.68,"https://www.yenny-elateneo.com/productos/direccion-estrategica-de-recursos-humanos/","Piramide","Tapa Blanda",208,"01/2018",217.743653846154,2018
"MANUAL PRACTICO DE NEUROVENTAS","Pablo Augusto Braidot Annecchi",29200,"https://www.yenny-elateneo.com/productos/manual-practico-de-neuroventas/","Granica","Tapa Blanda",160,"12/2017",182.5,2017
"SUPERVISION DE COACHING","Damian Goldvarg",38700,"https://www.yenny-elateneo.com/productos/supervision-de-coaching/","Granica","Tapa Blanda",308,"12/2017",125.649350649351,2017
"PUNTO DE PARTIDA","Fernando D. Massau Chorne",23990,"https://www.yenny-elateneo.com/productos/punto-de-partida/","Temas Grupo Editorial Srl","Tapa Blanda",162,"06/2019",148.086419753086,2019
"NUEVAS CONVERSACIONES TRASCENDENTALES SOBRE ECONOMIA","Juan Carlos De Pablo",24360,"https://www.yenny-elateneo.com/productos/nuevas-conversaciones-trascendentales-sobre-economia/","Lenguaje Claro","Tapa Blanda",300,"05/2019",81.2,2019
"DE LA BUROCRACIA A LA ORGANIZACION RED","Jorge Walter / Zulema Bez",26910,"https://www.yenny-elateneo.com/productos/de-la-burocracia-a-la-organizacion-red/","Lenguaje Claro","Tapa Blanda",376,"05/2019",71.5691489361702,2019
"TU TALENTO ES TU NEGOCIO","Torie Jayne",19190,"https://www.yenny-elateneo.com/productos/tu-talento-es-tu-negocio/","Quarto","Tapa Blanda",144,"10/2017",133.263888888889,2017
"MARKETING TURISTICO","Manuel Rey Moreno",43700,"https://www.yenny-elateneo.com/productos/marketing-turistico/","Piramide","Tapa Blanda",266,"09/2017",164.285714285714,2017
"CAPITALISMO","Jorge Aleman",27600,"https://www.yenny-elateneo.com/productos/capitalismo/","Ned Ediciones","Tapa Blanda",192,"04/2019",143.75,2019
"ELIJA AL MEJOR (NUEVA EDICION)","Martha Alles",52300,"https://www.yenny-elateneo.com/productos/elija-al-mejor-nueva-edicion/","Granica","Tapa Blanda",408,"07/2017",128.186274509804,2017
"COBRO DE IMPAGADOS Y NEGOCIACION CON DEUDORES","Pere Brachfield",46200,"https://www.yenny-elateneo.com/productos/cobro-de-impagados-y-negociacion-con-deudores/","Profit","Tapa Blanda",336,"02/2019",137.5,2019
"LOS ESTILOS GUERREROS","Laura Fierro Evans",35300,"https://www.yenny-elateneo.com/productos/los-estilos-guerreros/","Granica","Tapa Blanda",260,"02/2019",135.769230769231,2019
"LIDER COACH","Oscar Anzorena",34900,"https://www.yenny-elateneo.com/productos/lider-coach/","Granica","Tapa Blanda",240,"02/2019",145.416666666667,2019
"DISEÑO ESTRATEGICO","Andre R. Coutinho / Anderson C. S. Penha",27990,"https://www.yenny-elateneo.com/productos/diseno-estrategico/","Temas Grupo Editorial Srl","Tapa Blanda",200,"06/2017",139.95,2017
"VENDER PODEROSAMENTE","Marcos Alvarez",29600,"https://www.yenny-elateneo.com/productos/vender-poderosamente/","Amat","Tapa Blanda",144,"06/2017",205.555555555556,2017
"EL MUNDO ES TU PUBLICO","Daniel Colombo",20000,"https://www.yenny-elateneo.com/productos/el-mundo-es-tu-publico/","Hojas Del Sur","Tapa Blanda",160,"05/2017",125,2017
"MARATHONOMICS","Carmen Lopez Imizcoz",16200,"https://www.yenny-elateneo.com/productos/marathonomics/","Atlantida","Tapa Blanda",264,"05/2017",61.3636363636364,2017
"INTRODUCCION AL CRECIMIENTO ECONOMICO Y DESARROLLO","Gregorio Gimenez Esteban",42021.92,"https://www.yenny-elateneo.com/productos/introduccion-al-crecimiento-economico-y-desarrollo/","Piramide","Tapa Blanda",220,"12/2018",191.008727272727,2018
"DIRECCION ESTRATEGICA INTERNACIONAL","Jose Antonio Jimenez Quintero / Ignacio Aldeanueva Fernandez",55464.04,"https://www.yenny-elateneo.com/productos/direccion-estrategica-internacional/","Piramide","Tapa Blanda",332,"12/2018",167.060361445783,2018
"DIPLOMACIA EN LA EMPRESA","Eduardo Jara Roncati",41934.52,"https://www.yenny-elateneo.com/productos/diplomacia-en-la-empresa/","Piramide","Tapa Blanda",324,"12/2018",129.427530864198,2018
"ECONOMIA DE LAS CIUDADES DE AMERICA LATINA HOY - VOL 1","Jose Luis Coraggio / Ruth Munoz",25000,"https://www.yenny-elateneo.com/productos/economia-de-las-ciudades-de-america-latina-hoy-vol-1/","Universidad Nacional De Mar Del Plata","Tapa Blanda",372,"12/2018",67.2043010752688,2018
"FEELING INTELIGENCIA EMOCIONAL APLICADA A LA VENTA","Raquel Anon Davo / Miguel Diaz Escoto Angel",40600,"https://www.yenny-elateneo.com/productos/feeling-inteligencia-emocional-aplicada-a-la-venta/","Kolima","Tapa Blanda",224,"03/2017",181.25,2017
"GESTION DE RIESGO COMUNICACIONAL","Alejandro Ruiz Balza / Gustavo Coppola",21500,"https://www.yenny-elateneo.com/productos/gestion-de-riesgo-comunicacional/","Ugerman Editor","Tapa Blanda",NA,"09/2018",NA,2018
"DOCUMENTACION E INFORMES EN CONSUMO - UF1756","Enrique Garcia Prado",23528.08,"https://www.yenny-elateneo.com/productos/documentacion-e-informes-en-consumo-uf1756/","Paraninfo","Tapa Blanda",138,"02/2017",170.493333333333,2017
"EL ANTILIDER","Andres Hatum",37799,"https://www.yenny-elateneo.com/productos/el-antilider/","Vergara","Tapa Blanda",240,"09/2018",157.495833333333,2018
"DESCUBRIENDO EL BITCOIN","Andrei Boar",39700,"https://www.yenny-elateneo.com/productos/descubriendo-el-bitcoin/","Profit","Tapa Blanda",176,"08/2018",225.568181818182,2018
"EL LADO FEMENINO DEL PODER","Patricia Debeljuh / Sandra Idrovo Carlier / Maria Bernal Gonzales",19200,"https://www.yenny-elateneo.com/productos/el-lado-femenino-del-poder/","Lid","Tapa Blanda",100,"07/2018",192,2018
"EL PODER DE LOS PARES","Leon Shapiro / Leo Bottary",31990,"https://www.yenny-elateneo.com/productos/el-poder-de-los-pares/","Temas Grupo Editorial Srl","Tapa Blanda",224,"08/2016",142.8125,2016
"LA ESTAFA DEL TARIFAZO","Federico Bernal",21900,"https://www.yenny-elateneo.com/productos/la-estafa-del-tarifazo/","Colihue","Tapa Blanda",352,"06/2018",62.2159090909091,2018
"AJUSTADOS","Diego Rubinzal / Carlos Heller",18900,"https://www.yenny-elateneo.com/productos/ajustados/","Colihue","Tapa Blanda",288,"06/2018",65.625,2018
"DIRECCION ESTRATEGICA DE RRHH VOL II - CASOS (3RA ED.)","Martha Alles",36900,"https://www.yenny-elateneo.com/productos/direccion-estrategica-de-rrhh-vol-ii-casos-3ra-ed/","Granica","Tapa Blanda",256,"06/2016",144.140625,2016
"UNA REPUBLICA SIN BUITRES","Juan Jose Cruces",4300,"https://www.yenny-elateneo.com/productos/una-republica-sin-buitres/","Fondo De Cultura Economica","Tapa Blanda",180,"06/2016",23.8888888888889,2016
"EL CRIMEN DE LA DEUDA EXTERNA","Nestor Forero",26040,"https://www.yenny-elateneo.com/productos/el-crimen-de-la-deuda-externa/","Fabro","Tapa Blanda",360,"05/2016",72.3333333333333,2016
"LA MONEDA IMPOSIBLE","Alexandre Roig",26000,"https://www.yenny-elateneo.com/productos/la-moneda-imposible/","Fondo De Cultura Economica","Tapa Blanda",308,"03/2016",84.4155844155844,2016
"LA SEGUNDA ERA DE LAS MAQUINAS","Erik Brynjolfsson / Andrew Mcafee",28990,"https://www.yenny-elateneo.com/productos/la-segunda-era-de-las-maquinas/","Temas Grupo Editorial Srl","Tapa Blanda",272,"03/2016",106.580882352941,2016
"DEUDAS SOCIALES EN LA ARGENTINA POSREFORMA","Agustin Salvia",22800,"https://www.yenny-elateneo.com/productos/deudas-sociales-en-la-argentina-posreforma/","Biblos","Tapa Blanda",NA,"02/2012",NA,2012
"DIRECCION ESTRATEGICA DE LOS RECURSOS HUMANOS","Eneka Albizu Gallastegui / Jon Landeta Rodriguez",88990.68,"https://www.yenny-elateneo.com/productos/direccion-estrategica-de-los-recursos-humanos/","Piramide","Tapa Blanda",574,"01/2012",155.036027874564,2012
"ECONOMIA: VERDADES Y MENTIRAS","Thomas Sowell",21300,"https://www.yenny-elateneo.com/productos/economia-verdades-y-mentiras/","Oceano","Tapa Blanda",NA,"11/2011",NA,2011
"DESPUES DEL NEOLIBERALISMO","Carlos M. Vilas",15000,"https://www.yenny-elateneo.com/productos/despues-del-neoliberalismo/","Universidad Nacional De Lanus","Tapa Blanda",206,"11/2011",72.8155339805825,2011
"LA QUINTA DISCIPLINA","Peter M. Senge",57300,"https://www.yenny-elateneo.com/productos/la-quinta-disciplina/","Granica","Tapa Blanda",490,"09/2011",116.938775510204,2011
"LA EMPRESA EMERGENTE","Rafael Echeverria",25700,"https://www.yenny-elateneo.com/productos/la-empresa-emergente/","Granica","Tapa Blanda",160,"09/2011",160.625,2011
"NUEVAS TEORIAS DE LA EMPRESA","Benjamin Coriat / Olivier Weinstein",26910,"https://www.yenny-elateneo.com/productos/nuevas-teorias-de-la-empresa/","Lenguaje Claro","Tapa Blanda",224,"05/2011",120.133928571429,2011
"GUIA RAPIDA DE LAS 33 ESTRATEGIAS DE LA GUERRA","Robert Greene",27700,"https://www.yenny-elateneo.com/productos/guia-rapida-de-las-33-estrategias-de-la-guerra/","Oceano","Tapa Dura",NA,"05/2011",NA,2011
"VALOR PERDURABLE","Jose Luis Roces",29990,"https://www.yenny-elateneo.com/productos/valor-perdurable/","Temas Grupo Editorial Srl","Tapa Blanda",398,"05/2011",75.3517587939699,2011
"EL EJECUTIVO SAMURAI","Don Schmincke",16000,"https://www.yenny-elateneo.com/productos/el-ejecutivo-samurai/","Edaf","Tapa Blanda",120,"10/2010",133.333333333333,2010
"MUJERES Y VARONES EN LAS ORGANIZACIONES","Lidia Heller",25000,"https://www.yenny-elateneo.com/productos/mujeres-y-varones-en-las-organizaciones/","Pluma Digital","Tapa Blanda",180,"10/2015",138.888888888889,2015
"GIGANTES EMERGENTES","Claudio Carlos Castro / Sebastian Vigliero",28880,"https://www.yenny-elateneo.com/productos/gigantes-emergentes/","Lenguaje Claro","Tapa Blanda",300,"10/2015",96.2666666666667,2015
"LA TRASTIENDA DEL TRABAJO","Jorge B. Mosqueira",26990,"https://www.yenny-elateneo.com/productos/la-trastienda-del-trabajo/","Temas Grupo Editorial Srl","Tapa Blanda",340,"08/2015",79.3823529411765,2015
"LA RESPUESTA","Mario Alonso Puig",23200,"https://www.yenny-elateneo.com/productos/la-respuesta/","Plataforma Editorial","Tapa Blanda",120,"04/2015",193.333333333333,2015
"LA ECONOMIA DE LAS DESIGUALDADES","Thomas Piketty",22390,"https://www.yenny-elateneo.com/productos/la-economia-de-las-desigualdades/","Siglo Xxi Editores Argentina","Tapa Blanda",208,"02/2015",107.644230769231,2015
"EL ARTE DE LA GUERRA APLICADO A LA EMPRESA","Sun Tzu Sun Tzu / Carles Font",18500,"https://www.yenny-elateneo.com/productos/el-arte-de-la-guerra-aplicado-a-la-empresa/","Del Nuevo Extremo","Tapa Blanda",88,"12/2014",210.227272727273,2014
"MI TRABAJO AHORA","Alex Markman / Matias Ghidini",23990,"https://www.yenny-elateneo.com/productos/mi-trabajo-ahora/","Temas Grupo Editorial Srl","Tapa Blanda",252,"12/2014",95.1984126984127,2014
"EXITO MAGICO","Ernesto Costa",23990,"https://www.yenny-elateneo.com/productos/exito-magico/","Temas Grupo Editorial Srl","Tapa Blanda",208,"11/2014",115.336538461538,2014
"MICROFINANZAS EN LA ARGENTINA","Martin Grandes",23990,"https://www.yenny-elateneo.com/productos/microfinanzas-en-la-argentina/","Temas Grupo Editorial Srl","Tapa Blanda",165,"10/2014",145.393939393939,2014
"CALIDAD DE SERVICIOS Y SATISFACCION AL CLIENTE","Cristina Iglesia",21500,"https://www.yenny-elateneo.com/productos/calidad-de-servicios-y-satisfaccion-al-cliente/","Centro Cultural De La Cooperacion","Tapa Blanda",256,"09/2014",83.984375,2014
"LA MARCA RECURSOS HUMANOS","Martha Alles",39600,"https://www.yenny-elateneo.com/productos/la-marca-recursos-humanos/","Granica","Tapa Blanda",288,"05/2014",137.5,2014
"PYMES QUE CRECEN A PESAR DE","Nino Fernandez",22390,"https://www.yenny-elateneo.com/productos/pymes-que-crecen-a-pesar-de/","Lenguaje Claro","Tapa Blanda",190,"03/2014",117.842105263158,2014
"MARKETING SOLIDARIO","Piramide",35292.12,"https://www.yenny-elateneo.com/productos/marketing-solidario/","Piramide","Tapa Blanda",NA,"10/2013",NA,2013
"DESARROLLO Y ECOPOLITICA","Tomas Buch",31200,"https://www.yenny-elateneo.com/productos/desarrollo-y-ecopolitica/","Lenguaje Claro","Tapa Blanda",380,"08/2013",82.1052631578947,2013
"INNOVAR EN ARGENTINA","Hernan Thomas / Guillermo Santos / Mariano Fressoli",27720,"https://www.yenny-elateneo.com/productos/innovar-en-argentina/","Lenguaje Claro","Tapa Blanda",260,"05/2013",106.615384615385,2013
"LA RESURRECCION","Eduardo Levy Yetati",22900,"https://www.yenny-elateneo.com/productos/la-resurreccion/","Eudeba","Tapa Blanda",NA,"05/2013",NA,2013
"MAS ALLA DE LA ECONOMIA VERDE","Ricardo Abramovay",26990,"https://www.yenny-elateneo.com/productos/mas-alla-de-la-economia-verde/","Temas Grupo Editorial Srl","Tapa Blanda",214,"05/2013",126.121495327103,2013
"ENTRE GENERACIONES","Alejandro Masco",24990,"https://www.yenny-elateneo.com/productos/entre-generaciones/","Temas Grupo Editorial Srl","Tapa Blanda",198,"11/2012",126.212121212121,2012
"EMPUJE ESTRATEGICO","Alberto Levy / Alberto Ibanez Fernandez",29200,"https://www.yenny-elateneo.com/productos/empuje-estrategico/","Granica","Tapa Blanda",184,"10/2009",158.695652173913,2009
"ECONOMIA CIENCIA DE LOS INTERESES APASIONADOS LA","Bruno Latour / Vincent Lepinay",12500,"https://www.yenny-elateneo.com/productos/economia-ciencia-de-los-intereses-apasionados-la/","Manantial","Tapa Blanda",128,"09/2009",97.65625,2009
"LA TRAMA TERRITORIAL DEL ALGODON EN EL CHACO","Cristina O. Valenzuela / Angel Scavo",8100,"https://www.yenny-elateneo.com/productos/la-trama-territorial-del-algodon-en-el-chaco/","La Colmena","Tapa Blanda",130,"08/2009",62.3076923076923,2009
"UN MUNDO MARAVILLOSO","Pablo Rieznik",22600,"https://www.yenny-elateneo.com/productos/un-mundo-maravilloso/","Biblos","Tapa Blanda",229,"04/2009",98.6899563318777,2009
"ARGENTINA EN EL SIGLO VEINTE","David Rock",25060,"https://www.yenny-elateneo.com/productos/argentina-en-el-siglo-veinte/","Lenguaje Claro","Tapa Blanda",272,"03/2009",92.1323529411765,2009
"LA CUARTA PANTALLA","Roberto Igarsa",23000,"https://www.yenny-elateneo.com/productos/la-cuarta-pantalla/","Ugerman Editor","Tapa Blanda",198,"11/2008",116.161616161616,2008
"NECESARIO PERO NO SUFICIENTE","Eliyahu Goldratt",38700,"https://www.yenny-elateneo.com/productos/necesario-pero-no-suficiente/","Granica","Tapa Blanda",288,"11/2008",134.375,2008
"NO ES CUESTION DE SUERTE","Eliyahu Goldratt",41900,"https://www.yenny-elateneo.com/productos/no-es-cuestion-de-suerte/","Granica","Tapa Blanda",336,"11/2008",124.702380952381,2008
"EL ESPIRITU TRANSFORMADOR","Jair Moggi / Daniel Burkhard",27600,"https://www.yenny-elateneo.com/productos/el-espiritu-transformador/","Antroposofica","Tapa Blanda",127,"02/2008",217.322834645669,2008
"CORPORACIONES EN EL PODER","Hernan Ramirez",25060,"https://www.yenny-elateneo.com/productos/corporaciones-en-el-poder/","Lenguaje Claro","Tapa Blanda",352,"11/2007",71.1931818181818,2007
"EL TRABAJO EN EQUIPO","Jon R. Katzenbach",44800,"https://www.yenny-elateneo.com/productos/el-trabajo-en-equipo/","Granica","Tapa Blanda",368,"05/2007",121.739130434783,2007
"MISION RESULTADO","Jose Antonio Veiga",21000,"https://www.yenny-elateneo.com/productos/mision-resultado/","Ugerman Editor","Tapa Blanda",304,"11/2006",69.0789473684211,2006
"COMO SE FINANCIAN LAS ONG ARGENTINAS?","Pablo Marsal",13600,"https://www.yenny-elateneo.com/productos/como-se-financian-las-ong-argentinas/","Biblos","Tapa Blanda",102,"10/2005",133.333333333333,2005
"LA CARRERA","Eliyahu Goldratt",29400,"https://www.yenny-elateneo.com/productos/la-carrera/","Granica","Tapa Blanda",199,"10/1999",147.738693467337,1999
